"Obec, mesto, mestská časť",latitude,longitude
Abrahám,48.2,17.71667
Adidovce,48.93707,21.91625
Abrahámovce,49.1357,20.43352
Ábelová,48.33249,19.66708
Alekšince,48.36641,17.9479
Andovce,47.98333,18.16667
Abranovce,48.93176,21.34528
Abovce,48.38284,20.0224
Ardovo,48.66008,20.53758
Arnutovce,48.94464,20.56154
Abrahámovce,49.29175,21.27271
Ardanovce,48.56362,18.16712
Andrejová,49.29175,21.27271
Adamovské Kochanovce,48.89452,18.04436
Abramová,48.86226,18.86048
Babie,48.88836,21.68479
Babiná,48.57442,19.15324
Babindol,48.28918,18.23808
Babinec,48.38284,20.0224
Babín,49.4079,19.48032
Bacúch,48.80431,19.63631
Bacúrov,48.57442,19.15324
Bačka,48.62858,21.71954
Bačkov,48.62858,21.71954
Bačkovík,48.66667,21.33333
Badín,48.66375,19.12319
Baďan,48.44858,18.91003
Bajany,48.75434,21.9195
Bajč,47.76667,18.13333
Bajerov,48.95345,21.11529
Bajerovce,49.10308,21.0988
Bajka,48.21563,18.60705
Bajtava,47.98333,18.16667
Baka,47.99268,17.61211
Baláže,48.81399,19.19569
Baldovce,49.02173,20.59212
Balog nad Ipľom,48.21058,19.35043
Baloň,47.99268,17.61211
Banka,48.59479,17.82591
Banská Belá,48.44858,18.91003
Banská Bystrica,48.73946,19.15349
Banská Štiavnica,48.44858,18.91003
Banské,48.88836,21.68479
Banský Studenec,48.44858,18.91003
Baňa,49.20211,21.65216
Bara,48.62858,21.71954
Barca,48.38284,20.0224
Bardejov,49.29175,21.27271
Bardoňovo,47.98333,18.16667
Bartošova Lehôtka,48.59184,18.84958
Bartošovce,49.29175,21.27271
Baška,48.66667,21.33333
Baškovce,48.93707,21.91625
Baškovce,48.74455,22.18136
Bašovce,48.59479,17.82591
Batizovce,49.07611,20.18497
Báb,48.30995,17.86665
Báč,47.99268,17.61211
Bádice,48.39904,18.12554
Báhoň,48.28986,17.26664
Bánov,47.98333,18.16667
Bánovce nad Bebravou,48.83333,18.25
Bánovce nad Ondavou,48.75434,21.9195
Bátka,48.38284,20.0224
Bátorová,48.21058,19.35043
Bátorove Kosihy,47.76667,18.13333
Bátovce,48.21563,18.60705
Beckov,48.75466,17.83506
Beharovce,49.02173,20.59212
Becherov,49.29175,21.27271
Belá,47.98333,18.16667
Belá,49.23374,18.94576
Belá-Dulice,49.06651,18.92399
Belá nad Cirochou,48.98857,22.15099
Beladice,48.38553,18.40063
Belejovce,49.30819,21.5703
Belín,48.38284,20.0224
Belina,48.33249,19.66708
Belince,48.56362,18.16712
Bellova Ves,47.99268,17.61211
Beloveža,49.29175,21.27271
Beluj,48.44858,18.91003
Beluša,48.83333,18.25
Belža,48.66667,21.33333
Beniakovce,48.66667,21.33333
Benice,49.06651,18.92399
Benkovce,48.88836,21.68479
Beňadiková,49.08061,19.62218
Beňadikovce,49.30819,21.5703
Beňadovo,49.4079,19.48032
Beňatina,48.74455,22.18136
Beňuš,48.80431,19.63631
Bernolákovo,48.21951,17.40043
Bertotovce,49.02158,21.02423
Beša,48.21563,18.60705
Beša,48.75434,21.9195
Bešeňov,47.98333,18.16667
Bešeňová,49.0748,19.30751
Betlanovce,48.94464,20.56154
Betliar,48.66008,20.53758
Bežovce,48.74455,22.18136
Bidovce,48.66667,21.33333
Biel,48.62858,21.71954
Bielovce,48.21563,18.60705
Biely Kostol,48.36755,17.53036
Bijacovce,49.02173,20.59212
Biskupice,48.33249,19.66708
Biskupová,48.56362,18.16712
Bitarová,49.20844,18.67181
Bílkove Humence,48.67922,17.36697
Bíňa,47.98333,18.16667
Bíňovce,48.5042,17.48069
Blahová,47.99268,17.61211
Blatná na Ostrove,47.99268,17.61211
Blatná Polianka,48.74455,22.18136
Blatné,48.21951,17.40043
Blatné Remety,48.74455,22.18136
Blatné Revištia,48.74455,22.18136
Blatnica,49.06651,18.92399
Blažice,48.66667,21.33333
Blažovce,48.86226,18.86048
Blesovce,48.56362,18.16712
Blhovce,48.38284,20.0224
Bobot,48.89452,18.04436
Bobrov,49.4079,19.48032
Bobrovček,49.08061,19.62218
Bobrovec,49.08061,19.62218
Bobrovník,49.08061,19.62218
Bočiar,48.66667,21.33333
Bodíky,47.99268,17.61211
Bodiná,49.109745,18.5591768
Bodorová,48.86226,18.86048
Bodovce,49.10308,21.0988
Bodružal,49.30819,21.5703
Bodza,47.76667,18.13333
Bodzianske Lúky,47.76667,18.13333
Bogliarka,49.29175,21.27271
Bohdanovce,48.66667,21.33333
Bohdanovce nad Trnavou,48.42996,17.5447
Boheľov,47.99268,17.61211
Bohunice,48.83333,18.25
Bohunice,48.21563,18.60705
Bohúňovo,48.66008,20.53758
Bojná,48.56362,18.16712
Bojnice,48.76667,18.63333
Bojničky,48.43174,17.8031
Boldog,48.21951,17.40043
Boleráz,48.46808,17.49478
Bolešov,48.83333,18.25
Boliarov,48.66667,21.33333
Boľ,48.62858,21.71954
Boľkovce,48.33249,19.66708
Borcová,48.86226,18.86048
Borčany,48.83333,18.25
Borčice,48.83333,18.25
Borinka,48.43604,17.02188
Borová,48.3872,17.44523
Borovce,48.59479,17.82591
Borský Mikuláš,48.67922,17.36697
Borský Svätý Jur,48.67922,17.36697
Borša,48.62858,21.71954
Bory,48.21563,18.60705
Bošáca,48.75466,17.83506
Bošany,48.83333,18.25
Bottovo,48.38284,20.0224
Boťany,48.62858,21.71954
Bôrka,48.66008,20.53758
Bracovce,48.75434,21.9195
Branč,48.21869,18.14423
Branovo,47.98333,18.16667
Bratislava I,48.14816,17.10674
Bratislava II,48.14816,17.10674
Bratislava III,48.14816,17.10674
Bratislava IV,48.14816,17.10674
Bratislava V,48.14816,17.10674
Braväcovo,48.80431,19.63631
Brdárka,48.66008,20.53758
Brehov,48.62858,21.71954
Brehy,48.48124,18.71565
Brekov,48.93707,21.91625
Brestov,48.93707,21.91625
Brestov,48.87117,21.35086
Brestov nad Laborcom,49.16667,21.25
Brestovany,48.38826,17.68806
Brestovec,48.79409,17.56628
Brestovec,47.76667,18.13333
Bretejovce,48.82772,21.29572
Bretka,48.66008,20.53758
Breza,49.4079,19.48032
Brezany,49.18885,18.6715
Brezina,48.62858,21.71954
Breziny,48.57442,19.15324
Breznica,49.20211,21.65216
Breznička,48.43094,19.79408
Breznička,49.20211,21.65216
Brezno,48.80431,19.63631
Brezolupy,48.83333,18.25
Brezov,49.29175,21.27271
Brezová pod Bradlom,48.75876,17.56866
Brezovec,48.98857,22.15099
Brezovica,49.10308,21.0988
Brezovica,49.337,19.556
Brezovička,49.10308,21.0988
Brezovka,49.29175,21.27271
Brežany,48.99839,21.23393
Brhlovce,48.21563,18.60705
Brieštie,48.86226,18.86048
Brodské,48.8449,17.22635
Brodzany,48.83333,18.25
Brunovce,48.75466,17.83506
Brusnica,49.20211,21.65216
Brusník,48.21058,19.35043
Brusno,48.79238,19.3822
Brutovce,49.02173,20.59212
Bruty,47.98333,18.16667
Brvnište,49.12153,18.42169
Brzotín,48.66008,20.53758
Buclovany,49.29175,21.27271
Bučany,48.41582,17.6972
Budča,48.57442,19.15324
Budikovany,48.38284,20.0224
Budimír,48.66667,21.33333
Budiná,48.33249,19.66708
Budince,48.75434,21.9195
Budiš,48.86226,18.86048
Budkovce,48.75434,21.9195
Budmerice,48.28986,17.26664
Buglovce,49.02173,20.59212
Buková,48.54321,17.39696
Bukovce,49.20211,21.65216
Bukovec,48.66667,21.33333
Bukovec,48.75876,17.56866
Bukovina,49.08061,19.62218
Bulhary,48.33249,19.66708
Bunetice,48.66667,21.33333
Bunkovce,48.74455,22.18136
Bušince,48.21058,19.35043
Bušovce,49.1357,20.43352
Buzica,48.66667,21.33333
Buzitka,48.33249,19.66708
Búč,47.76667,18.13333
Bystrá,48.80431,19.63631
Bystrá,49.20211,21.65216
Bystrany,48.94464,20.56154
Bystré,48.88836,21.68479
Bystričany,48.76667,18.63333
Bystrička,49.06651,18.92399
Byšta,48.62858,21.71954
Bytča,49.22404,18.55878
Bzenica,48.59184,18.84958
Bzenov,48.94731,21.16671
Bzince pod Javorinou,48.75466,17.83506
Bziny,49.20983,19.30341
Bzovík,48.3554,19.06474
Bzovská Lehôtka,48.57442,19.15324
Bžany,49.20211,21.65216
Cabaj-Čápor,48.24445,18.02899
Cabov,48.88836,21.68479
Cakov,48.38284,20.0224
Cejkov,48.62858,21.71954
Cernina,49.30819,21.5703
Cerová,48.67922,17.36697
Cerovo,48.3554,19.06474
Cestice,48.66667,21.33333
Cigeľ,48.76667,18.63333
Cigeľka,49.29175,21.27271
Cigla,49.30819,21.5703
Cimenná,48.83333,18.25
Cinobaňa,48.43094,19.79408
Cífer,48.3175,17.48987
Čab,48.40854,17.9883
Čabalovce,49.16667,21.25
Čabiny,49.16667,21.25
Čabradský Vrbovok,48.3554,19.06474
Čadca,49.43503,18.78895
Čachtice,48.75466,17.83506
Čajkov,48.21563,18.60705
Čaka,48.21563,18.60705
Čakajovce,48.37164,18.03829
Čakanovce,48.33249,19.66708
Čakanovce,48.66667,21.33333
Čakany,47.99268,17.61211
Čaklov,48.88836,21.68479
Čalovec,47.76667,18.13333
Čamovce,48.33249,19.66708
Čaňa,48.66667,21.33333
Čaradice,48.38553,18.40063
Častá,48.28986,17.26664
Častkov,48.67922,17.36697
Častkovce,48.75466,17.83506
Čata,48.21563,18.60705
Čataj,48.21951,17.40043
Čavoj,48.76667,18.63333
Čáry,48.67922,17.36697
Čebovce,48.21058,19.35043
Čečehov,48.75434,21.9195
Čečejovce,48.66667,21.33333
Čechy,47.98333,18.16667
Čechynce,48.25489,18.15958
Čekovce,48.3554,19.06474
Čeláre,48.21058,19.35043
Čelkova Lehota,49.12153,18.42169
Čelovce,48.21058,19.35043
Čelovce,49.07974,21.39966
Čeľadice,48.32918,18.23903
Čeľadince,48.56362,18.16712
Čeľovce,48.62858,21.71954
Čenkovce,47.99268,17.61211
Čerenčany,48.38284,20.0224
Čereňany,48.76667,18.63333
Čerhov,48.62858,21.71954
Čerín,48.66065,19.24536
Čermany,48.56362,18.16712
Černík,47.98333,18.16667
Černina,48.93707,21.91625
Černochov,48.62858,21.71954
Čertižné,49.16667,21.25
Červená Voda,49.10308,21.0988
Červenica,48.88681,21.449
Červenica pri Sabinove,49.10308,21.0988
Červeník,48.43174,17.8031
Červený Hrádok,48.38553,18.40063
Červený Kameň,48.83333,18.25
Červený Kláštor,49.1357,20.43352
Červeňany,48.21058,19.35043
České Brezovo,48.43094,19.79408
Čičarovce,48.75434,21.9195
Čičava,48.88836,21.68479
Čičmany,48.95503,18.51608
Čierna,48.62858,21.71954
Čierna Lehota,48.83333,18.25
Čierna Lehota,48.66008,20.53758
Čierna nad Tisou,48.62858,21.71954
Čierna Voda,48.2,17.71667
Čierne,49.43503,18.78895
Čierne Kľačany,48.38553,18.40063
Čierne nad Topľou,48.88836,21.68479
Čierne Pole,48.75434,21.9195
Čierny Balog,48.80431,19.63631
Čierny Brod,48.2,17.71667
Čierny Potok,48.38284,20.0224
Čifáre,48.23239,18.3916
Čiližská Radvaň,47.99268,17.61211
Čimhová,49.337,19.556
Čirč,49.29859,20.6862
Čižatice,48.66667,21.33333
Číčov,47.76667,18.13333
Číž,48.38284,20.0224
Čoltovo,48.66008,20.53758
Čremošné,48.86226,18.86048
Čučma,48.66008,20.53758
Čukalovce,48.98857,22.15099
Dačov Lom,48.21058,19.35043
Daletice,49.10308,21.0988
Danišovce,48.94464,20.56154
Dargov,48.73318,21.58522
Davidov,48.88836,21.68479
Debraď,48.66667,21.33333
Dedačov,48.93707,21.91625
Dedina Mládeže,47.76667,18.13333
Dedinka,47.98333,18.16667
Dedinky,48.66008,20.53758
Dechtice,48.54687,17.59666
Dekýš,48.44858,18.91003
Demandice,48.21563,18.60705
Demänovská Dolina,48.97086,19.58433
Demjata,49.10652,21.31389
Detrík,48.88836,21.68479
Detva,48.56082,19.41954
Detvianska Huta,48.56082,19.41954
Devičany,48.21563,18.60705
Devičie,48.3554,19.06474
Dežerice,48.83333,18.25
Diaková,49.06651,18.92399
Diakovce,48.15127,17.88062
Diviacka Nová Ves,48.76667,18.63333
Diviaky nad Nitricou,48.76667,18.63333
Divín,48.33249,19.66708
Divina,49.27178,18.69516
Divinka,49.25433,18.69984
Dlhá,48.41206,17.42746
Dlhá nad Kysucou,49.43503,18.78895
Dlhá nad Oravou,49.20983,19.30341
Dlhá nad Váhom,48.15127,17.88062
Dlhá Ves,48.66008,20.53758
Dlhé Klčovo,48.88836,21.68479
Dlhé nad Cirochou,48.98857,22.15099
Dlhé Pole,49.3073,18.63166
Dlhé Stráže,49.02173,20.59212
Dlhoňa,49.30819,21.5703
Dlžín,48.76667,18.63333
Dobrá,48.62858,21.71954
Dobrá Niva,48.57442,19.15324
Dobrá Voda,48.59724,17.53847
Dobroč,48.33249,19.66708
Dobrohošť,47.99268,17.61211
Dobroslava,49.30819,21.5703
Dobšiná,48.66008,20.53758
Dohňany,48.83333,18.25
Dojč,48.67922,17.36697
Dolinka,48.21058,19.35043
Dolná Breznica,48.83333,18.25
Dolná Krupá,48.48266,17.55112
Dolná Lehota,48.80431,19.63631
Dolná Mariková,49.12153,18.42169
Dolná Mičiná,48.67542,19.22235
Dolná Poruba,48.89452,18.04436
Dolná Seč,48.21563,18.60705
Dolná Streda,48.2,17.71667
Dolná Strehová,48.21058,19.35043
Dolná Súča,48.89452,18.04436
Dolná Tižina,49.21558,18.91566
Dolná Trnávka,48.59184,18.84958
Dolná Ves,48.59184,18.84958
Dolná Ždaňa,48.59184,18.84958
Dolné Dubové,48.49173,17.61018
Dolné Kočkovce,48.83333,18.25
Dolné Lefantovce,48.42492,18.12494
Dolné Lovčice,48.3665,17.67635
Dolné Mladonice,48.3554,19.06474
Dolné Naštice,48.83333,18.25
Dolné Obdokovce,48.31325,18.21048
Dolné Orešany,48.43966,17.42942
Dolné Otrokovce,48.43174,17.8031
Dolné Plachtince,48.21058,19.35043
Dolné Saliby,48.2,17.71667
Dolné Semerovce,48.21563,18.60705
Dolné Srnie,48.75466,17.83506
Dolné Strháre,48.21058,19.35043
Dolné Trhovište,48.43174,17.8031
Dolné Vestenice,48.76667,18.63333
Dolné Zahorany,48.38284,20.0224
Dolné Zelenice,48.43174,17.8031
Dolný Badín,48.3554,19.06474
Dolný Bar,47.99268,17.61211
Dolný Harmanec,48.73946,19.15349
Dolný Hričov,49.23192,18.63326
Dolný Chotár,48.2,17.71667
Dolný Kalník,49.06651,18.92399
Dolný Kubín,49.20983,19.30341
Dolný Lieskov,49.12153,18.42169
Dolný Lopašov,48.59479,17.82591
Dolný Ohaj,47.98333,18.16667
Dolný Pial,48.21563,18.60705
Dolný Štál,47.99268,17.61211
Dolný Vadičov,49.3,18.78333
Doľany,48.28986,17.26664
Doľany,49.02173,20.59212
Domadice,48.21563,18.60705
Domaníky,48.3554,19.06474
Domaniža,49.12153,18.42169
Domaňovce,49.02173,20.59212
Donovaly,48.73946,19.15349
Drábsko,48.80431,19.63631
Drahňov,48.75434,21.9195
Drahovce,48.59479,17.82591
Dravce,49.02173,20.59212
Dražice,48.38284,20.0224
Dražkovce,49.06651,18.92399
Drážovce,48.3554,19.06474
Drienčany,48.38284,20.0224
Drienica,49.10308,21.0988
Drienov,48.87318,21.27382
Drienovec,48.66667,21.33333
Drienovo,48.3554,19.06474
Drienovská Nová Ves,48.99839,21.23393
Drietoma,48.89452,18.04436
Drnava,48.66008,20.53758
Drňa,48.38284,20.0224
Družstevná pri Hornáde,48.66667,21.33333
Drženice,48.21563,18.60705
Držkovce,48.68346,20.11734
Dubinné,49.29175,21.27271
Dubnica nad Váhom,48.83333,18.25
Dubnička,48.83333,18.25
Dubník,47.98333,18.16667
Dubno,48.38284,20.0224
Dubodiel,48.89452,18.04436
Dubová,48.28986,17.26664
Dubová,49.30819,21.5703
Dubovany,48.59479,17.82591
Dubovce,48.8449,17.22635
Dubové,48.86226,18.86048
Dubové,48.57442,19.15324
Dubovec,48.38284,20.0224
Dubovica,49.10308,21.0988
Ducové,48.59479,17.82591
Dudince,48.3554,19.06474
Dukovce,49.30819,21.5703
Dulov,48.83333,18.25
Dulova Ves,48.95313,21.3061
Dulovce,47.76667,18.13333
Dulovo,48.38284,20.0224
Dunajská Lužná,48.21951,17.40043
Dunajov,49.43503,18.78895
Dunajská Streda,47.99268,17.61211
Dunajský Klátov,47.99268,17.61211
Duplín,49.20211,21.65216
Dúbrava,49.02173,20.59212
Dúbrava,49.08061,19.62218
Dúbrava,48.98857,22.15099
Dúbravica,48.67964,19.27292
Dúbravka,48.75434,21.9195
Dúbravy,48.56082,19.41954
Dvorany nad Nitrou,48.56362,18.16712
Dvorec,48.83333,18.25
Dvorianky,48.62858,21.71954
Dvorníky,48.43174,17.8031
Dvorníky-Včeláre,48.66667,21.33333
Dvory nad Žitavou,47.98333,18.16667
Ďačov,49.10308,21.0988
Ďanová,49.06651,18.92399
Ďapalovce,48.88836,21.68479
Ďubákovo,48.43094,19.79408
Ďurčiná,49.06367,18.65222
Ďurďoš,48.88836,21.68479
Ďurďošík,48.66667,21.33333
Ďurďové,49.12153,18.42169
Ďurkov,48.66667,21.33333
Ďurková,49.29859,20.6862
Ďurkovce,48.21058,19.35043
Egreš,48.62858,21.71954
Fačkov,49.22315,18.73941
Falkušovce,48.75434,21.9195
Farná,48.21563,18.60705
Fekišovce,48.74455,22.18136
Figa,48.38284,20.0224
Fijaš,49.30819,21.5703
Fiľakovo,48.33249,19.66708
Fiľakovské Kováče,48.33249,19.66708
Fintice,49.05188,21.28664
Folkušová,49.06651,18.92399
Forbasy,49.29859,20.6862
Frička,49.29175,21.27271
Fričkovce,49.29175,21.27271
Fričovce,49.0167,20.96302
Fulianka,49.064,21.33146
Gabčíkovo,47.99268,17.61211
Gaboltov,49.29175,21.27271
Gajary,48.43604,17.02188
Galanta,48.2,17.71667
Galovany,49.08061,19.62218
Gánovce,49.06144,20.29798
Gáň,48.2,17.71667
Gbelce,47.98333,18.16667
Gbely,48.8449,17.22635
Gbeľany,49.22315,18.73941
Geča,48.66667,21.33333
Gelnica,48.85584,20.93712
Gemer,48.68346,20.11734
Gemerček,48.38284,20.0224
Gemerská Hôrka,48.66008,20.53758
Gemerská Panica,48.66008,20.53758
Gemerská Poloma,48.66008,20.53758
Gemerská Ves,48.68346,20.11734
Gemerské Dechtáre,48.38284,20.0224
Gemerské Michalovce,48.38284,20.0224
Gemerské Teplice,48.68346,20.11734
Gemerský Jablonec,48.38284,20.0224
Gemerský Sad,48.68346,20.11734
Geraltov,49.1394,21.25865
Gerlachov,49.29175,21.27271
Gerlachov,49.06144,20.29798
Giglovce,48.88836,21.68479
Giraltovce,49.30819,21.5703
Girovce,48.88836,21.68479
Glabušovce,48.21058,19.35043
Gočaltovo,48.66008,20.53758
Gočovo,48.66008,20.53758
Golianovo,48.27189,18.19185
Gortva,48.38284,20.0224
Gôtovany,49.08061,19.62218
Granč-Petrovce,49.02173,20.59212
Gregorova Vieska,48.33249,19.66708
Gregorovce,49.06742,21.20763
Gribov,49.20211,21.65216
Gruzovce,48.93707,21.91625
Gyňov,48.66667,21.33333
Habovka,49.337,19.556
Habura,49.16667,21.25
Hačava,48.66667,21.33333
Háj,48.86226,18.86048
Háj,48.66667,21.33333
Hajná Nová Ves,48.56362,18.16712
Hajnáčka,48.38284,20.0224
Hájske,48.15127,17.88062
Hajtovka,49.29859,20.6862
Haláčovce,48.83333,18.25
Halič,48.33249,19.66708
Haligovce,49.29859,20.6862
Haluzice,48.75466,17.83506
Hamuliakovo,48.21951,17.40043
Handlová,48.76667,18.63333
Hanigovce,49.10308,21.0988
Haniska,48.95436,21.23893
Haniska,48.66667,21.33333
Hanková,48.66008,20.53758
Hankovce,49.29175,21.27271
Hankovce,48.93707,21.91625
Hanušovce nad Topľou,48.88836,21.68479
Harakovce,49.02173,20.59212
Harhaj,49.29175,21.27271
Harichovce,48.94464,20.56154
Harmanec,48.73946,19.15349
Hatalov,48.75434,21.9195
Hatné,49.12153,18.42169
Havaj,49.20211,21.65216
Havka,49.1357,20.43352
Havranec,49.30819,21.5703
Hažín,48.75434,21.9195
Hažín nad Cirochou,48.93707,21.91625
Hažlín,49.29175,21.27271
Helcmanovce,48.85584,20.93712
Heľpa,48.80431,19.63631
Henckovce,48.66008,20.53758
Henclová,48.85584,20.93712
Hencovce,48.88836,21.68479
Hendrichovce,49.02425,21.00014
Herľany,48.66667,21.33333
Hermanovce,49.04584,21.01629
Hermanovce nad Topľou,48.88836,21.68479
Hertník,49.29175,21.27271
Hervartov,49.29175,21.27271
Hiadeľ,48.81053,19.31561
Hincovce,48.94464,20.56154
Hladovka,49.337,19.556
Hlboké,48.67922,17.36697
Hlboké nad Váhom,49.22404,18.55878
Hliník nad Hronom,48.59184,18.84958
Hlinné,48.88836,21.68479
Hlivištia,48.74455,22.18136
Hlohovec,48.43174,17.8031
Hniezdne,49.29859,20.6862
Hnilčík,48.94464,20.56154
Hnilec,48.94464,20.56154
Hnojné,48.75434,21.9195
Hnúšťa,48.38284,20.0224
Hodejov,48.38284,20.0224
Hodejovec,48.38284,20.0224
Hodkovce,48.66667,21.33333
Hodruša-Hámre,48.48124,18.71565
Hokovce,48.21563,18.60705
Holčíkovce,48.88836,21.68479
Holiare,47.76667,18.13333
Holice,47.99268,17.61211
Holíč,48.81105,17.16238
Holiša,48.33249,19.66708
Holumnica,49.1357,20.43352
Honce,48.66008,20.53758
Hontianska Vrbica,48.21563,18.60705
Hontianske Moravce,48.3554,19.06474
Hontianske Nemce,48.3554,19.06474
Hontianske Tesáre,48.3554,19.06474
Hontianske Trsťany,48.21563,18.60705
Horná Breznica,48.83333,18.25
Horná Kráľová,48.15127,17.88062
Horná Krupá,48.51632,17.52492
Horná Lehota,49.20983,19.30341
Horná Lehota,48.80431,19.63631
Horná Mariková,49.12153,18.42169
Horná Mičiná,48.6989,19.21437
Horná Poruba,48.83333,18.25
Horná Potôň,47.99268,17.61211
Horná Seč,48.21563,18.60705
Horná Streda,48.75466,17.83506
Horná Strehová,48.21058,19.35043
Horná Súča,48.89452,18.04436
Horná Štubňa,48.86226,18.86048
Horná Ves,48.76667,18.63333
Horná Ves,48.59184,18.84958
Horná Ždaňa,48.59184,18.84958
Horné Dubové,48.51927,17.56378
Horné Hámre,48.48124,18.71565
Horné Chlebany,48.56362,18.16712
Horné Lefantovce,48.42399,18.14354
Horné Mladonice,48.3554,19.06474
Horné Mýto,47.99268,17.61211
Horné Naštice,48.83333,18.25
Horné Obdokovce,48.56362,18.16712
Horné Orešany,48.46738,17.44101
Horné Otrokovce,48.43174,17.8031
Horné Plachtince,48.21058,19.35043
Horné Pršany,48.69964,19.0833
Horné Saliby,48.2,17.71667
Horné Semerovce,48.21563,18.60705
Horné Srnie,48.89452,18.04436
Horné Strháre,48.21058,19.35043
Horné Štitáre,48.56362,18.16712
Horné Trhovište,48.43174,17.8031
Horné Turovce,48.21563,18.60705
Horné Vestenice,48.76667,18.63333
Horné Zahorany,48.38284,20.0224
Horné Zelenice,48.43174,17.8031
Horný Badín,48.3554,19.06474
Horný Bar,47.99268,17.61211
Horný Hričov,49.25817,18.6631
Horný Kalník,49.06651,18.92399
Horný Lieskov,49.12153,18.42169
Horný Pial,48.21563,18.60705
Horný Tisovník,48.56082,19.41954
Horný Vadičov,49.3,18.78333
Horňa,48.74455,22.18136
Horňany,48.89452,18.04436
Horovce,48.83333,18.25
Horovce,48.75434,21.9195
Hoste,48.2,17.71667
Hostice,48.38284,20.0224
Hostie,48.38553,18.40063
Hostišovce,48.38284,20.0224
Hostovice,48.98857,22.15099
Hosťová,48.33765,18.20451
Hosťovce,48.38553,18.40063
Hosťovce,48.66667,21.33333
Hozelec,49.06144,20.29798
Hôrka,49.06144,20.29798
Hôrka nad Váhom,48.75466,17.83506
Hôrky,49.20473,18.69308
Hrabičov,48.48124,18.71565
Hrabkov,48.95968,21.02339
Hrabová Roztoka,48.98857,22.15099
Hrabovčík,49.30819,21.5703
Hrabovec,49.29175,21.27271
Hrabovec nad Laborcom,48.93707,21.91625
Hrabovka,48.89452,18.04436
Hrabské,49.29175,21.27271
Hrabušice,48.9756,20.40865
Hradisko,49.1357,20.43352
Hradište,48.83333,18.25
Hradište,48.43094,19.79408
Hradište pod Vrátnom,48.67922,17.36697
Hrádok,48.75466,17.83506
Hrachovište,48.75466,17.83506
Hrachovo,48.38284,20.0224
Hraničné,49.29859,20.6862
Hranovnica,49.06144,20.29798
Hraň,48.62858,21.71954
Hrašné,48.75876,17.56866
Hrašovík,48.66667,21.33333
Hrčeľ,48.62858,21.71954
Hrhov,48.66008,20.53758
Hriadky,48.62858,21.71954
Hričovské Podhradie,49.22224,18.62264
Hriňová,48.56082,19.41954
Hrišovce,48.85584,20.93712
Hrkovce,48.21563,18.60705
Hrlica,48.68346,20.11734
Hrnčiarovce nad Parnou,48.34261,17.56767
Hrnčiarska Ves,48.43094,19.79408
Hrnčiarske Zalužany,48.43094,19.79408
Hrochoť,48.65567,19.31284
Hromoš,49.29859,20.6862
Hronec,48.80431,19.63631
Hronovce,48.21563,18.60705
Hronsek,48.65248,19.15682
Hronská Breznica,48.57442,19.15324
Hronská Dúbrava,48.59184,18.84958
Hronské Kľačany,48.21563,18.60705
Hronské Kosihy,48.21563,18.60705
Hronský Beňadik,48.48124,18.71565
Hrubá Borša,48.21951,17.40043
Hruboňovo,48.30763,18.08453
Hrubov,48.93707,21.91625
Hrubý Šúr,48.21951,17.40043
Hrušov,48.21058,19.35043
Hrušov,48.66008,20.53758
Hrušovany,48.56362,18.16712
Hrušovo,48.38284,20.0224
Hruštín,49.4079,19.48032
Hubice,47.99268,17.61211
Hubina,48.59479,17.82591
Hubošovce,49.10308,21.0988
Hubová,49.0748,19.30751
Hubovo,48.38284,20.0224
Hucín,48.68346,20.11734
Hudcovce,48.93707,21.91625
Hul,47.98333,18.16667
Humenné,48.93707,21.91625
Huncovce,49.1357,20.43352
Hunkovce,49.30819,21.5703
Hurbanova Ves,48.21951,17.40043
Hurbanovo,47.76667,18.13333
Husák,48.74455,22.18136
Husiná,48.38284,20.0224
Hutka,49.29175,21.27271
Huty,49.08061,19.62218
Hviezdoslavov,47.99268,17.61211
Hvozdnica,49.22404,18.55878
Hybe,49.08061,19.62218
Hýľov,48.66667,21.33333
Chanava,48.38284,20.0224
Chlebnice,49.20983,19.30341
Chlmec,48.93707,21.91625
Chľaba,47.98333,18.16667
Chmeľnica,49.29859,20.6862
Chmeľov,49.06805,21.43806
Chmeľová,49.29175,21.27271
Chmeľovec,49.08226,21.36663
Chminianska Nová Ves,49.00332,21.08251
Chminianske Jakubovany,48.99663,21.01989
Chmiňany,49.0014,21.06785
Choča,48.38553,18.40063
Chocholná-Velčice,48.89452,18.04436
Choňkovce,48.74455,22.18136
Chorvátsky Grob,48.21951,17.40043
Chorváty,48.66667,21.33333
Chotča,49.20211,21.65216
Chotín,47.76667,18.13333
Chrabrany,48.56362,18.16712
Chrámec,48.38284,20.0224
Chrastince,48.21058,19.35043
Chrastné,48.66667,21.33333
Chrasť nad Hornádom,48.94464,20.56154
Chrenovec-Brusno,48.76667,18.63333
Chropov,48.8449,17.22635
Chrťany,48.21058,19.35043
Chtelnica,48.59479,17.82591
Chudá Lehota,48.83333,18.25
Chvalová,48.68346,20.11734
Chvojnica,48.75876,17.56866
Chvojnica,48.76667,18.63333
Chynorany,48.83333,18.25
Chyžné,48.68346,20.11734
Igram,48.21951,17.40043
Ihľany,49.1357,20.43352
Ihráč,48.59184,18.84958
Ilava,48.83333,18.25
Iliašovce,48.94464,20.56154
Ilija,48.44858,18.91003
Imeľ,47.76667,18.13333
Inovce,48.74455,22.18136
Iňa,48.21563,18.60705
Iňačovce,48.75434,21.9195
Ipeľské Predmostie,48.21058,19.35043
Ipeľské Úľany,48.21563,18.60705
Ipeľský Sokolec,48.21563,18.60705
Istebné,49.20983,19.30341
Ivachnová,49.0748,19.30751
Ivančiná,48.86226,18.86048
Ivanice,48.38284,20.0224
Ivanka pri Dunaji,48.21951,17.40043
Ivanka pri Nitre,48.24295,18.11618
Ivanovce,48.89452,18.04436
Iža,47.76667,18.13333
Ižipovce,49.08061,19.62218
Ižkovce,48.75434,21.9195
Jablonec,48.28986,17.26664
Jablonica,48.67922,17.36697
Jablonka,48.75876,17.56866
Jablonov,49.02173,20.59212
Jablonov nad Turňou,48.66008,20.53758
Jablonové,48.43604,17.02188
Jablonové,49.22404,18.55878
Jabloň,48.93707,21.91625
Jabloňovce,48.21563,18.60705
Jacovce,48.56362,18.16712
Jahodná,47.99268,17.61211
Jaklovce,48.85584,20.93712
Jakovany,49.10308,21.0988
Jakubany,49.29859,20.6862
Jakubov,48.43604,17.02188
Jakubova Voľa,49.10308,21.0988
Jakubovany,49.08061,19.62218
Jakubovany,49.10308,21.0988
Jakušovce,49.20211,21.65216
Jalová,48.98857,22.15099
Jalovec,48.76667,18.63333
Jalovec,49.08061,19.62218
Jalšové,48.43174,17.8031
Jalšovík,48.3554,19.06474
Jamník,49.08061,19.62218
Jamník,48.94464,20.56154
Janice,48.38284,20.0224
Janík,48.66667,21.33333
Janíky,47.99268,17.61211
Jankovce,48.93707,21.91625
Janov,48.93891,21.17846
Janova Lehota,48.59184,18.84958
Janovce,49.29175,21.27271
Jánovce,48.2,17.71667
Jánovce,49.06144,20.29798
Janovík,48.83333,21.25
Jarabá,48.80431,19.63631
Jarabina,49.29859,20.6862
Jarok,48.27541,17.95913
Jarovnice,49.10308,21.0988
Jasenica,49.12153,18.42169
Jasenie,48.80431,19.63631
Jasenov,48.93707,21.91625
Jasenov,48.74455,22.18136
Jasenová,49.20983,19.30341
Jasenovce,48.88836,21.68479
Jasenové,49.11061,18.63648
Jasenovo,48.86226,18.86048
Jaslovské Bohunice,48.47553,17.64736
Jasov,48.66667,21.33333
Jasová,47.98333,18.16667
Jastrabá,48.59184,18.84958
Jastrabie nad Topľou,48.88836,21.68479
Jastrabie pri Michalovciach,48.75434,21.9195
Jatov,47.98333,18.16667
Jazernica,48.86226,18.86048
Jedlinka,49.29175,21.27271
Jedľové Kostoľany,48.38553,18.40063
Jelenec,48.37844,18.22351
Jelka,48.2,17.71667
Jelšava,48.68346,20.11734
Jelšovce,48.38233,18.05795
Jelšovec,48.33249,19.66708
Jenkovce,48.74455,22.18136
Jesenské,48.21563,18.60705
Jesenské,48.38284,20.0224
Jestice,48.38284,20.0224
Ješkova Ves,48.83333,18.25
Jezersko,49.1357,20.43352
Jovice,48.66008,20.53758
Jovsa,48.75434,21.9195
Jur nad Hronom,48.21563,18.60705
Jurkova Voľa,49.30819,21.5703
Jurová,47.99268,17.61211
Jurské,49.1357,20.43352
Juskova Voľa,48.88836,21.68479
Kačanov,48.75434,21.9195
Kajal,48.2,17.71667
Kalameny,49.0748,19.30751
Kalinkovo,48.21951,17.40043
Kalinov,49.16667,21.25
Kalinovo,48.43094,19.79408
Kalná nad Hronom,48.21563,18.60705
Kalná Roztoka,48.98857,22.15099
Kálnica,48.75466,17.83506
Kalnište,49.30819,21.5703
Kalonda,48.33249,19.66708
Kalša,48.66667,21.33333
Kaloša,48.38284,20.0224
Kaluža,48.75434,21.9195
Kaľamenová,48.86226,18.86048
Kaľava,48.94464,20.56154
Kamanová,48.56362,18.16712
Kamenec pod Vtáčnikom,48.76667,18.63333
Kamenica,49.10308,21.0988
Kamenica nad Cirochou,48.93707,21.91625
Kamenica nad Hronom,47.98333,18.16667
Kameničany,48.83333,18.25
Kameničná,47.76667,18.13333
Kamenín,47.98333,18.16667
Kamenná Poruba,49.09235,18.68842
Kamenná Poruba,48.88836,21.68479
Kamenné Kosihy,48.21058,19.35043
Kamenný Most,47.98333,18.16667
Kameňany,48.68346,20.11734
Kamienka,48.93707,21.91625
Kamienka,49.29859,20.6862
Kanianka,48.76667,18.63333
Kapince,48.30763,18.08453
Kapišová,49.30819,21.5703
Kaplna,48.21951,17.40043
Kapušany,49.04516,21.33352
Kapušianske Kľačany,48.75434,21.9195
Karlová,49.06651,18.92399
Karná,48.93707,21.91625
Kašov,48.62858,21.71954
Kátlovce,48.3774,17.58723
Kátov,48.8449,17.22635
Kazimír,48.62858,21.71954
Kecerovce,48.66667,21.33333
Kecerovský Lipovec,48.66667,21.33333
Kečkovce,49.30819,21.5703
Kečovo,48.66008,20.53758
Kechnec,48.66667,21.33333
Kendice,48.99839,21.23393
Kesovce,48.38284,20.0224
Keť,48.21563,18.60705
Kežmarok,49.1357,20.43352
Kiarov,48.21058,19.35043
Kladzany,48.88836,21.68479
Klasov,48.27625,18.25937
Kláštor pod Znievom,49.06651,18.92399
Klátova Nová Ves,48.83333,18.25
Klčov,49.02173,20.59212
Klenov,48.92667,21.05598
Klenová,48.98857,22.15099
Klenovec,48.38284,20.0224
Kleňany,48.21058,19.35043
Klieština,49.12153,18.42169
Klin,49.4079,19.48032
Klin nad Bodrogom,48.62858,21.71954
Klížska Nemá,47.76667,18.13333
Klokoč,48.56082,19.41954
Klokočov,49.43503,18.78895
Klokočov,48.75434,21.9195
Klubina,49.43503,18.78895
Kluknava,48.85584,20.93712
Kľačany,48.43174,17.8031
Kľače,49.10637,18.6485
Kľačno,48.76667,18.63333
Kľak,48.48124,18.71565
Kľúčovec,47.99268,17.61211
Kľušov,49.29175,21.27271
Kmeťovo,47.98333,18.16667
Kobeliarovo,48.66008,20.53758
Kobylnice,49.30819,21.5703
Kobyly,49.29175,21.27271
Koceľovce,48.66008,20.53758
Kociha,48.38284,20.0224
Kocurany,48.76667,18.63333
Kočín-Lančár,48.59479,17.82591
Kočovce,48.75466,17.83506
Kochanovce,49.29175,21.27271
Kochanovce,48.93707,21.91625
Kojatice,48.99814,21.13052
Kojšov,48.85584,20.93712
Kokava nad Rimavicou,48.43094,19.79408
Kokošovce,48.94412,21.33512
Kokšov-Bakša,48.66667,21.33333
Kolačkov,49.29859,20.6862
Kolačno,48.83333,18.25
Koláre,48.21058,19.35043
Kolárovice,49.22404,18.55878
Kolárovo,47.76667,18.13333
Kolbasov,48.98857,22.15099
Kolbovce,49.20211,21.65216
Kolibabovce,48.74455,22.18136
Kolinovce,48.94464,20.56154
Kolíňany,48.36059,18.19693
Kolonica,48.98857,22.15099
Kolta,47.98333,18.16667
Komárany,48.88836,21.68479
Komárno,47.76667,18.13333
Komárov,49.29175,21.27271
Komárovce,48.66667,21.33333
Komjatice,47.98333,18.16667
Komjatná,49.0748,19.30751
Komoča,47.98333,18.16667
Koniarovce,48.56362,18.16712
Konrádovce,48.38284,20.0224
Konská,49.08061,19.62218
Konská,49.11113,18.67812
Koňuš,48.74455,22.18136
Kopčany,48.8449,17.22635
Kopernica,48.59184,18.84958
Koplotovce,48.43174,17.8031
Koprivnica,49.29175,21.27271
Kordíky,48.7718,19.02197
Korejovce,49.30819,21.5703
Korňa,49.43503,18.78895
Koromľa,48.74455,22.18136
Korunková,49.20211,21.65216
Korytárky,48.56082,19.41954
Korytné,49.02173,20.59212
Kosihovce,48.21058,19.35043
Kosihy nad Ipľom,48.21058,19.35043
Kosorín,48.59184,18.84958
Kostolec,49.12153,18.42169
Kostolište,48.43604,17.02188
Kostolná pri Dunaji,48.21951,17.40043
Kostolná Ves,48.76667,18.63333
Kostolná-Záriečie,48.89452,18.04436
Kostolné,48.75876,17.56866
Kostolné Kračany,47.99268,17.61211
Kostoľany nad Hornádom,48.66667,21.33333
Kostoľany pod Tribečom,48.38553,18.40063
Koš,48.76667,18.63333
Košariská,48.75876,17.56866
Košarovce,48.93707,21.91625
Košeca,48.83333,18.25
Košecké Podhradie,48.83333,18.25
Košice I,48.71395,21.25808
Košice II,48.71395,21.25808
Košice III,48.71395,21.25808
Košice IV,48.71395,21.25808
Košická Belá,48.66667,21.33333
Košická Polianka,48.66667,21.33333
Košické Oľšany,48.66667,21.33333
Košický Klečenov,48.66667,21.33333
Koškovce,48.93707,21.91625
Košolná,48.42459,17.46476
Košúty,48.2,17.71667
Košťany nad Turcom,49.06651,18.92399
Kotešová,49.22404,18.55878
Kotmanová,48.33249,19.66708
Kotrčiná Lúčka,49.2503,18.83897
Kováčová,48.57442,19.15324
Kováčová,48.66008,20.53758
Kováčovce,48.21058,19.35043
Koválov,48.67922,17.36697
Koválovec,48.8449,17.22635
Kovarce,48.56362,18.16712
Kozárovce,48.21563,18.60705
Kozelník,48.44858,18.91003
Kozí Vrbovok,48.3554,19.06474
Kožany,49.29175,21.27271
Kožuchov,48.62858,21.71954
Kožuchovce,49.20211,21.65216
Kračúnovce,49.30819,21.5703
Krahule,48.59184,18.84958
Krajná Bystrá,49.30819,21.5703
Krajná Poľana,49.30819,21.5703
Krajná Porúbka,49.30819,21.5703
Krajné,48.75876,17.56866
Krajné Čierno,49.30819,21.5703
Krakovany,48.59479,17.82591
Králiky,48.7348,19.03708
Kráľ,48.38284,20.0224
Kráľov Brod,48.2,17.71667
Kráľova Lehota,49.08061,19.62218
Kráľová nad Váhom,48.15127,17.88062
Kráľová pri Senci,48.21951,17.40043
Kraľovany,49.20983,19.30341
Kráľovce,48.66667,21.33333
Kráľovce-Krnišov,48.3554,19.06474
Kráľovičove Kračany,47.99268,17.61211
Kráľovský Chlmec,48.62858,21.71954
Kraskovo,48.38284,20.0224
Krásna Lúka,49.10308,21.0988
Krásna Ves,48.83333,18.25
Krásno,48.83333,18.25
Krásno nad Kysucou,49.43503,18.78895
Krásnohorská Dlhá Lúka,48.66008,20.53758
Krásnohorské Podhradie,48.66008,20.53758
Krásnovce,48.75434,21.9195
Krásny Brod,49.16667,21.25
Krasňany,49.21491,18.88718
Kravany,49.06144,20.29798
Kravany,48.62858,21.71954
Kravany nad Dunajom,47.76667,18.13333
Krčava,48.74455,22.18136
Kremná,49.29859,20.6862
Kremnica,48.70519,18.91834
Kremnické Bane,48.59184,18.84958
Kristy,48.74455,22.18136
Krišľovce,49.20211,21.65216
Krišovská Liesková,48.75434,21.9195
Krivá,49.20983,19.30341
Krivany,49.10308,21.0988
Kriváň,48.56082,19.41954
Krivé,49.29175,21.27271
Krivoklát,48.83333,18.25
Krivosúd-Bodovka,48.89452,18.04436
Kríže,49.29175,21.27271
Krížová Ves,49.1357,20.43352
Krížovany,48.98149,21.0498
Križovany nad Dudváhom,48.3774,17.58723
Krná,48.43094,19.79408
Krnča,48.56362,18.16712
Krokava,48.38284,20.0224
Krompachy,48.94464,20.56154
Krpeľany,49.06651,18.92399
Krškany,48.21563,18.60705
Krtovce,48.56362,18.16712
Kručov,49.20211,21.65216
Krupina,48.3554,19.06474
Krušetnica,49.4079,19.48032
Krušinec,49.20211,21.65216
Krušovce,48.56362,18.16712
Kružlov,49.29175,21.27271
Kružlová,49.30819,21.5703
Kružná,48.66008,20.53758
Kružno,48.38284,20.0224
Kšinná,48.83333,18.25
Kubáňovo,48.21563,18.60705
Kučín,49.29175,21.27271
Kučín,48.88836,21.68479
Kuchyňa,48.43604,17.02188
Kuklov,48.67922,17.36697
Kuková,49.30819,21.5703
Kukučínov,48.21563,18.60705
Kunerad,49.09786,18.7131
Kunešov,48.59184,18.84958
Kunova Teplica,48.66008,20.53758
Kuraľany,48.21563,18.60705
Kurima,49.29175,21.27271
Kurimany,49.02173,20.59212
Kurimka,49.30819,21.5703
Kurov,49.29175,21.27271
Kusín,48.75434,21.9195
Kútniky,47.99268,17.61211
Kúty,48.67922,17.36697
Kuzmice,48.56362,18.16712
Kuzmice,48.62858,21.71954
Kvačany,49.08061,19.62218
Kvačany,48.94517,21.08654
Kvakovce,48.88836,21.68479
Kvašov,48.83333,18.25
Kvetoslavov,47.99268,17.61211
Kyjatice,48.38284,20.0224
Kyjov,49.29859,20.6862
Kynceľová,48.73946,19.15349
Kysak,48.66667,21.33333
Kyselica,47.99268,17.61211
Kysta,48.62858,21.71954
Kysucké Nové Mesto,49.3,18.78333
Kysucký Lieskovec,49.3,18.78333
Láb,48.43604,17.02188
Lackov,48.3554,19.06474
Lacková,49.29859,20.6862
Lackovce,48.93707,21.91625
Lada,49.04346,21.35908
Ladce,48.83333,18.25
Ladice,48.38553,18.40063
Ladmovce,48.62858,21.71954
Ladomerská Vieska,48.59184,18.84958
Ladomirov,48.98857,22.15099
Ladomirová,49.30819,21.5703
Ladzany,48.3554,19.06474
Lakšárska Nová Ves,48.67922,17.36697
Lascov,49.29175,21.27271
Laskár,49.06651,18.92399
Lastomír,48.75434,21.9195
Lastovce,48.62858,21.71954
Laškovce,48.75434,21.9195
Látky,48.56082,19.41954
Lazany,48.76667,18.63333
Lazisko,49.08061,19.62218
Lazy pod Makytou,48.83333,18.25
Lažany,49.03596,21.09851
Lednica,48.83333,18.25
Lednické Rovne,48.83333,18.25
Legnava,49.29859,20.6862
Lehnice,47.99268,17.61211
Lehota,48.31157,17.98948
Lehota nad Rimavicou,48.38284,20.0224
Lehota pod Vtáčnikom,48.76667,18.63333
Lehôtka,48.33249,19.66708
Lehôtka pod Brehmi,48.59184,18.84958
Lechnica,49.1357,20.43352
Lekárovce,48.74455,22.18136
Leles,48.62858,21.71954
Leľa,47.98333,18.16667
Lemešany,48.84991,21.27113
Lenartov,49.29175,21.27271
Lenartovce,48.38284,20.0224
Lendak,49.1357,20.43352
Lenka,48.38284,20.0224
Lentvora,48.33249,19.66708
Leopoldov,48.43174,17.8031
Lesenice,48.21058,19.35043
Lesíček,48.91811,21.38544
Lesné,48.75434,21.9195
Lesnica,49.29859,20.6862
Leštiny,49.20983,19.30341
Lešť (vojenský obvod),48.57442,19.15324
Letanovce,48.94464,20.56154
Letničie,48.8449,17.22635
Leváre,48.68346,20.11734
Levice,48.21563,18.60705
Levkuška,48.68346,20.11734
Levoča,49.02173,20.59212
Ležiachov,49.06651,18.92399
Libichava,48.83333,18.25
Licince,48.68346,20.11734
Ličartovce,48.8761,21.2467
Liesek,49.337,19.556
Lieskovany,48.94464,20.56154
Lieskovec,48.57442,19.15324
Lieskovec,48.93707,21.91625
Liešno,48.86226,18.86048
Liešťany,48.76667,18.63333
Lietava,49.16981,18.67509
Lietavská Lúčka,49.17315,18.71385
Lietavská Svinná-Babkov,49.15749,18.64092
Likavka,49.0748,19.30751
Limbach,48.28986,17.26664
Lipany,49.10308,21.0988
Lipník,48.76667,18.63333
Lipníky,48.99839,21.23393
Lipová,47.98333,18.16667
Lipová,49.29175,21.27271
Lipovany,48.33249,19.66708
Lipovce,49.0562,20.95343
Lipové,47.76667,18.13333
Lipovec,49.06651,18.92399
Lipovec,48.38284,20.0224
Lipovník,48.56362,18.16712
Lipovník,48.66008,20.53758
Liptovská Anna,49.08061,19.62218
Liptovská Kokava,49.08061,19.62218
Liptovská Lúžna,49.0748,19.30751
Liptovská Osada,49.0748,19.30751
Liptovská Porúbka,49.08061,19.62218
Liptovská Sielnica,49.14309,19.51421
Liptovská Štiavnica,49.0748,19.30751
Liptovská Teplá,49.0748,19.30751
Liptovská Teplička,49.06144,20.29798
Liptovské Beharovce,49.08061,19.62218
Liptovské Kľačany,49.08061,19.62218
Liptovské Matiašovce,49.08061,19.62218
Liptovské Revúce,49.0748,19.30751
Liptovské Sliače,49.0748,19.30751
Liptovský Hrádok,49.08061,19.62218
Liptovský Ján,49.04864,19.67853
Liptovský Michal,49.0748,19.30751
Liptovský Mikuláš,49.08061,19.62218
Liptovský Ondrej,49.08061,19.62218
Liptovský Peter,49.08061,19.62218
Liptovský Trnovec,49.12038,19.5471
Lisková,49.0748,19.30751
Lišov,48.3554,19.06474
Litava,48.3554,19.06474
Litmanová,49.29859,20.6862
Livina,48.83333,18.25
Livinské Opatovce,48.83333,18.25
Livov,49.29175,21.27271
Livovská Huta,49.29175,21.27271
Lodno,49.3,18.78333
Lok,48.21563,18.60705
Lokca,49.4079,19.48032
Lom nad Rimavicou,48.80431,19.63631
Lomná,49.4079,19.48032
Lomné,49.20211,21.65216
Lomnička,49.29859,20.6862
Lontov,48.21563,18.60705
Lopašov,48.8449,17.22635
Lopúchov,49.29175,21.27271
Lopušné Pažite,49.3,18.78333
Lošonec,48.48204,17.39896
Lovce,48.38553,18.40063
Lovča,48.59184,18.84958
Lovčica-Trubín,48.59184,18.84958
Lovinobaňa,48.33249,19.66708
Lozorno,48.43604,17.02188
Ložín,48.75434,21.9195
Lubeník,48.68346,20.11734
Lubina,48.75466,17.83506
Lúč na Ostrove,47.99268,17.61211
Lučatín,48.78277,19.32004
Lučenec,48.33249,19.66708
Lúčina,48.89315,21.43118
Lučivná,49.06144,20.29798
Lúčka,49.02173,20.59212
Lúčka,49.10308,21.0988
Lúčka,49.30819,21.5703
Lúčka,48.66008,20.53758
Lúčky,49.0748,19.30751
Lúčky,48.59184,18.84958
Lúčky,48.75434,21.9195
Lúčnica nad Žitavou,48.30763,18.08453
Ludanice,48.56362,18.16712
Ludrová,49.0748,19.30751
Luhyňa,48.62858,21.71954
Lúka,48.75466,17.83506
Lukačovce,48.93707,21.91625
Lukáčovce,48.39552,17.93784
Lukavica,48.57442,19.15324
Lukavica,49.29175,21.27271
Lukov,49.29175,21.27271
Lukovištia,48.38284,20.0224
Lúky,48.83333,18.25
Lula,48.21563,18.60705
Lupoč,48.33249,19.66708
Lutila,48.59184,18.84958
Lutiše,49.29078,18.95743
Lužany,48.56362,18.16712
Lužany pri Topli,49.30819,21.5703
Lužianky,48.34908,18.029
Lysá pod Makytou,48.83333,18.25
Lysica,49.22808,19.18324
Ľubá,47.98333,18.16667
Ľubeľa,49.08061,19.62218
Ľubica,49.1357,20.43352
Ľubietová,48.74531,19.36101
Ľubiša,48.93707,21.91625
Ľubochňa,49.0748,19.30751
Ľuboreč,48.33249,19.66708
Ľuboriečka,48.21058,19.35043
Ľubotice,49.0116,21.27366
Ľubotín,49.29859,20.6862
Ľubovec,48.91229,21.17469
Ľudovítová,48.39753,18.07875
Ľutina,49.10308,21.0988
Ľutov,48.83333,18.25
Macov,47.99268,17.61211
Mad,47.99268,17.61211
Madunice,48.43174,17.8031
Magnezitovce,48.68346,20.11734
Machulince,48.38553,18.40063
Majcichov,48.28462,17.63032
Majere,49.1357,20.43352
Majerovce,48.88836,21.68479
Makov,49.43503,18.78895
Makovce,49.20211,21.65216
Malá Čalomija,48.21058,19.35043
Malá Čausa,48.76667,18.63333
Malá Čierna,49.22315,18.73941
Malá Domaša,48.88836,21.68479
Malá Franková,49.1357,20.43352
Malá Hradná,48.83333,18.25
Malá Ida,48.66667,21.33333
Malá Lehota,48.48124,18.71565
Malá Lodina,48.66667,21.33333
Malá Mača,48.2,17.71667
Malá nad Hronom,47.98333,18.16667
Malá Poľana,49.20211,21.65216
Malá Tŕňa,48.62858,21.71954
Malacky,48.43604,17.02188
Malachov,48.71025,19.08969
Málaš,48.21563,18.60705
Malatiná,49.20983,19.30341
Malatíny,49.08061,19.62218
Malcov,49.29175,21.27271
Malčice,48.75434,21.9195
Malé Borové,49.08061,19.62218
Malé Dvorníky,47.99268,17.61211
Malé Chyndice,48.30316,18.28604
Malé Hoste,48.83333,18.25
Malé Kosihy,47.98333,18.16667
Malé Kozmálovce,48.21563,18.60705
Malé Kršteňany,48.83333,18.25
Malé Lednice,49.12153,18.42169
Malé Leváre,48.43604,17.02188
Malé Ludince,48.21563,18.60705
Malé Ozorovce,48.62858,21.71954
Malé Raškovce,48.75434,21.9195
Malé Ripňany,48.56362,18.16712
Malé Straciny,48.21058,19.35043
Malé Trakany,48.62858,21.71954
Malé Uherce,48.83333,18.25
Malé Vozokany,48.38553,18.40063
Malé Zálužie,48.43581,17.98604
Malé Zlievce,48.21058,19.35043
Málinec,48.43094,19.79408
Malinová,48.76667,18.63333
Malinovo,48.21951,17.40043
Malužiná,49.08061,19.62218
Malý Cetín,48.23967,18.17693
Malý Čepčín,48.86226,18.86048
Malý Horeš,48.62858,21.71954
Malý Kamenec,48.62858,21.71954
Malý Krtíš,48.21058,19.35043
Malý Lapáš,48.30022,18.18195
Malý Lipník,49.29859,20.6862
Malý Slavkov,49.1357,20.43352
Malý Slivník,49.11826,21.26031
Malý Šariš,49.00995,21.18303
Malženice,48.45014,17.675
Mankovce,48.38553,18.40063
Maňa,47.98333,18.16667
Marcelová,47.76667,18.13333
Margecany,48.85584,20.93712
Marhaň,49.29175,21.27271
Marianka,48.43604,17.02188
Markovce,48.75434,21.9195
Markuška,48.66008,20.53758
Markušovce,48.94464,20.56154
Maršová-Rašov,49.22404,18.55878
Martin,49.06651,18.92399
Martin nad Žitavou,48.38553,18.40063
Martinček,49.0748,19.30751
Martinová,48.38284,20.0224
Martovce,47.76667,18.13333
Mašková,48.33249,19.66708
Maškovce,48.93707,21.91625
Matejovce nad Hornádom,48.94464,20.56154
Matiaška,48.88836,21.68479
Matiašovce,49.1357,20.43352
Matovce,49.30819,21.5703
Matúškovo,48.2,17.71667
Matysová,49.29859,20.6862
Maťovské Vojkovce,48.75434,21.9195
Medovarce,48.3554,19.06474
Medvedie,49.30819,21.5703
Medveďov,47.99268,17.61211
Medzany,49.04321,21.15169
Medzev,48.66667,21.33333
Medzianky,48.88836,21.68479
Medzibrod,48.7943,19.35372
Medzibrodie nad Oravou,49.20983,19.30341
Medzilaborce,49.16667,21.25
Melčice-Lieskové,48.89452,18.04436
Melek,48.20173,18.32774
Meliata,48.66008,20.53758
Mengusovce,49.06144,20.29798
Merašice,48.43174,17.8031
Merník,48.88836,21.68479
Mestečko,48.83333,18.25
Mestisko,49.30819,21.5703
Mičakovce,49.30819,21.5703
Mierovo,47.99268,17.61211
Miezgovce,48.83333,18.25
Michajlov,48.98857,22.15099
Michal na Ostrove,47.99268,17.61211
Michal nad Žitavou,47.98333,18.16667
Michalková,48.57442,19.15324
Michalok,48.88836,21.68479
Michalová,48.76793,19.78092
Michalovce,48.75434,21.9195
Michaľany,48.62858,21.71954
Miklušovce,48.91675,21.08053
Miková,49.20211,21.65216
Mikulášová,49.29175,21.27271
Mikušovce,48.83333,18.25
Mikušovce,48.33249,19.66708
Milhosť,48.66667,21.33333
Miloslavov,48.21951,17.40043
Milpoš,49.10308,21.0988
Miňovce,49.20211,21.65216
Mirkovce,48.89222,21.32572
Miroľa,49.30819,21.5703
Mládzovo,48.43094,19.79408
Mlynárovce,49.30819,21.5703
Mlynčeky,49.1357,20.43352
Mlynica,49.06144,20.29798
Mlynky,48.85218,20.43011
Mníchova Lehota,48.89452,18.04436
Mníšek nad Hnilcom,48.85584,20.93712
Mníšek nad Popradom,49.29859,20.6862
Moča,47.76667,18.13333
Močenok,48.15127,17.88062
Močiar,48.44858,18.91003
Modra,48.28986,17.26664
Modra nad Cirochou,48.93707,21.91625
Modrany,47.76667,18.13333
Modrová,48.75466,17.83506
Modrovka,48.75466,17.83506
Modrý Kameň,48.21058,19.35043
Mojmírovce,48.20735,18.06581
Mojš,49.19919,18.82148
Mojtín,48.83333,18.25
Mojzesovo,47.98333,18.16667
Mokrá Lúka,48.68346,20.11734
Mokrance,48.66667,21.33333
Mokroluh,49.29175,21.27271
Mokrý Háj,48.8449,17.22635
Moldava nad Bodvou,48.66667,21.33333
Moravany,48.75434,21.9195
Moravany nad Váhom,48.59479,17.82591
Moravské Lieskové,48.75466,17.83506
Moravský Svätý Ján,48.67922,17.36697
Most pri Bratislave,48.21951,17.40043
Mostová,48.2,17.71667
Moškovec,48.86226,18.86048
Mošovce,48.86226,18.86048
Moštenica,48.77498,19.30304
Mošurov,49.11962,21.25309
Motešice,48.89452,18.04436
Motyčky,48.73946,19.15349
Môlča,48.73946,19.15349
Mrázovce,49.20211,21.65216
Mučín,48.33249,19.66708
Mudroňovo,47.76667,18.13333
Mudrovce,48.66667,21.33333
Muľa,48.21058,19.35043
Muráň,48.68346,20.11734
Muránska Dlhá Lúka,48.68346,20.11734
Muránska Huta,48.68346,20.11734
Muránska Lehota,48.68346,20.11734
Muránska Zdychava,48.68346,20.11734
Mútne,49.4079,19.48032
Mužla,47.98333,18.16667
Myjava,48.75876,17.56866
Myslina,48.93707,21.91625
Mýtna,48.33249,19.66708
Mýtne Ludany,48.21563,18.60705
Mýto pod Ďumbierom,48.80431,19.63631
Nacina Ves,48.75434,21.9195
Nadlice,48.83333,18.25
Naháč,48.5345,17.5327
Nálepkovo,48.85584,20.93712
Námestovo,49.4079,19.48032
Nána,47.98333,18.16667
Nandraž,48.68346,20.11734
Necpaly,49.06651,18.92399
Nedanovce,48.83333,18.25
Nedašovce,48.83333,18.25
Neded,48.15127,17.88062
Nededza,49.22158,18.83555
Nedožery-Brezany,48.76667,18.63333
Nechválova Polianka,48.93707,21.91625
Nemce,48.28627,18.98953
Nemcovce,49.29175,21.27271
Nemcovce,49.20976,21.44212
Nemčice,48.56362,18.16712
Nemčiňany,48.38553,18.40063
Nemecká,48.80431,19.63631
Nemečky,48.56362,18.16712
Nemešany,49.02173,20.59212
Nemšová,48.89452,18.04436
Nenince,48.21058,19.35043
Neporadza,48.89452,18.04436
Neporadza,48.38284,20.0224
Nesvady,47.76667,18.13333
Nesluša,49.3,18.78333
Neverice,48.38553,18.40063
Nevidzany,48.76667,18.63333
Nevidzany,48.38553,18.40063
Nevoľné,48.59184,18.84958
Nezbudská Lúčka,49.17367,18.86795
Nimnica,48.83333,18.25
Nitra,48.30763,18.08453
Nitra nad Ipľom,48.33249,19.66708
Nitrianska Blatnica,48.56362,18.16712
Nitrianska Streda,48.56362,18.16712
Nitrianske Hrnčiarovce,48.33277,18.12835
Nitrianske Pravno,48.76667,18.63333
Nitrianske Rudno,48.76667,18.63333
Nitrianske Sučany,48.76667,18.63333
Nitrica,48.76667,18.63333
Nižná,48.59479,17.82591
Nižná,49.337,19.556
Nižná Boca,49.08061,19.62218
Nižná Hutka,48.66667,21.33333
Nižná Jablonka,48.93707,21.91625
Nižná Jedľová,49.30819,21.5703
Nižná Kamenica,48.66667,21.33333
Nižná Myšľa,48.66667,21.33333
Nižná Olšava,49.20211,21.65216
Nižná Pisaná,49.30819,21.5703
Nižná Polianka,49.29175,21.27271
Nižná Rybnica,48.74455,22.18136
Nižná Sitnica,48.93707,21.91625
Nižná Slaná,48.66008,20.53758
Nižná Voľa,49.29175,21.27271
Nižné Ladičkovce,48.93707,21.91625
Nižné Nemecké,48.74455,22.18136
Nižné Repaše,49.02173,20.59212
Nižné Ružbachy,49.29859,20.6862
Nižný Čaj,48.66667,21.33333
Nižný Hrabovec,48.88836,21.68479
Nižný Hrušov,48.88836,21.68479
Nižný Klátov,48.66667,21.33333
Nižný Komárnik,49.30819,21.5703
Nižný Kručov,48.88836,21.68479
Nižný Lánec,48.66667,21.33333
Nižný Mirošov,49.30819,21.5703
Nižný Orlík,49.30819,21.5703
Nižný Skálnik,48.38284,20.0224
Nižný Slavkov,49.10308,21.0988
Nižný Tvarožec,49.29175,21.27271
Nižný Žipov,48.62858,21.71954
Nolčovo,49.06651,18.92399
Norovce,48.56362,18.16712
Nová Baňa,48.48124,18.71565
Nová Bašta,48.38284,20.0224
Nová Bošáca,48.75466,17.83506
Nová Bystrica,49.43503,18.78895
Nová Dedina,48.21563,18.60705
Nová Dedinka,48.21951,17.40043
Nová Dubnica,48.83333,18.25
Nová Kelča,48.88836,21.68479
Nová Lehota,48.75466,17.83506
Nová Lesná,49.12253,20.26737
Nová Ľubovňa,49.29859,20.6862
Nová Polhora,48.66667,21.33333
Nová Polianka,49.30819,21.5703
Nová Sedlica,48.98857,22.15099
Nová Ves,48.21058,19.35043
Nová Ves nad Váhom,48.75466,17.83506
Nová Ves nad Žitavou,48.2903,18.32306
Nová Vieska,47.98333,18.16667
Nováčany,48.66667,21.33333
Nováky,48.76667,18.63333
Nové Hony,48.33249,19.66708
Nové Mesto nad Váhom,48.75466,17.83506
Nové Sady,48.48333,17.98333
Nové Zámky,47.98333,18.16667
Novosad,48.62858,21.71954
Novoť,49.4079,19.48032
Nový Ruskov,48.62858,21.71954
Nový Salaš,48.66667,21.33333
Nový Svet,48.21951,17.40043
Nový Tekov,48.21563,18.60705
Nový Život,47.99268,17.61211
Nýrovce,48.21563,18.60705
Ňagov,49.16667,21.25
Ňárad,47.99268,17.61211
Obeckov,48.21058,19.35043
Obid,47.98333,18.16667
Obišovce,48.66667,21.33333
Oborín,48.75434,21.9195
Obručné,49.29859,20.6862
Obyce,48.38553,18.40063
Očkov,48.75466,17.83506
Očová,48.57442,19.15324
Odorín,48.94464,20.56154
Ohrady,47.99268,17.61211
Ohradzany,48.93707,21.91625
Ochodnica,49.3,18.78333
Ochtiná,48.66008,20.53758
Okoč,47.99268,17.61211
Okoličná na Ostrove,47.76667,18.13333
Okrúhle,49.30819,21.5703
Okružná,49.0222,21.37144
Olcnava,48.94464,20.56154
Olejníkov,49.10308,21.0988
Olešná,49.43503,18.78895
Olováry,48.21058,19.35043
Olšovany,48.66667,21.33333
Oľdza,47.99268,17.61211
Oľka,49.16667,21.25
Oľšavce,49.29175,21.27271
Oľšavica,49.02173,20.59212
Oľšavka,49.20211,21.65216
Oľšavka,48.94464,20.56154
Oľšinkov,49.16667,21.25
Oľšov,49.10308,21.0988
Omastiná,48.83333,18.25
Omšenie,48.89452,18.04436
Ondavka,49.29175,21.27271
Ondavské Matiašovce,48.88836,21.68479
Ondrašovce,48.98837,21.07776
Ondrašová,48.86226,18.86048
Ondrejovce,48.21563,18.60705
Opátka,48.66667,21.33333
Opatovce,48.89452,18.04436
Opatovce nad Nitrou,48.76667,18.63333
Opatovská Nová Ves,48.21058,19.35043
Opava,48.21058,19.35043
Opiná,48.66667,21.33333
Opoj,48.30207,17.6438
Oponice,48.56362,18.16712
Oravce,48.68457,19.26275
Orávka,48.38284,20.0224
Oravská Jasenica,49.4079,19.48032
Oravská Lesná,49.4079,19.48032
Oravská Polhora,49.4079,19.48032
Oravská Poruba,49.20983,19.30341
Oravský Biely Potok,49.337,19.556
Oravský Podzámok,49.20983,19.30341
Ordzovany,49.02173,20.59212
Orechová,48.74455,22.18136
Orechová Potôň,47.99268,17.61211
Oravské Veselé,49.4079,19.48032
Oreské,48.8449,17.22635
Oreské,48.75434,21.9195
Orešany,48.56362,18.16712
Orlov,49.29859,20.6862
Orovnica,48.48124,18.71565
Ortuťová,49.29175,21.27271
Osádka,49.20983,19.30341
Osadné,48.98857,22.15099
Osikov,49.29175,21.27271
Oslany,48.76667,18.63333
Osrblie,48.80431,19.63631
Ostrá Lúka,48.57442,19.15324
Ostratice,48.83333,18.25
Ostrov,48.59479,17.82591
Ostrov,48.74455,22.18136
Ostrovany,49.10308,21.0988
Ostrý Grúň,48.48124,18.71565
Osturňa,49.1357,20.43352
Osuské,48.67922,17.36697
Oščadnica,49.43572,18.8819
Otrhánky,48.83333,18.25
Otročok,48.68346,20.11734
Ovčiarsko,49.22372,18.66507
Ovčie,48.96409,20.97696
Ozdín,48.43094,19.79408
Ožďany,48.38284,20.0224
Pača,48.66008,20.53758
Padáň,47.99268,17.61211
Padarovce,48.38284,20.0224
Pakostov,48.93707,21.91625
Palárikovo,47.98333,18.16667
Palín,48.75434,21.9195
Palota,49.16667,21.25
Panické Dravce,48.33249,19.66708
Paňa,48.23339,18.2282
Paňovce,48.66667,21.33333
Papín,48.93707,21.91625
Papradno,49.12153,18.42169
Parchovany,48.62858,21.71954
Parihuzovce,48.98857,22.15099
Párnica,49.20983,19.30341
Partizánska Ľupča,49.08061,19.62218
Partizánske,48.83333,18.25
Pastovce,48.21563,18.60705
Pastuchov,48.43174,17.8031
Pašková,48.66008,20.53758
Paština Závada,49.21018,18.64253
Pata,48.2,17.71667
Pataš,47.99268,17.61211
Patince,47.73892,18.28956
Pavčina Lehota,49.08061,19.62218
Pavlice,48.2579,17.57661
Pavlová,47.98333,18.16667
Pavlova Ves,49.08061,19.62218
Pavlovce,48.38284,20.0224
Pavlovce,48.88836,21.68479
Pavlovce nad Uhom,48.75434,21.9195
Pavľany,49.02173,20.59212
Pažiť,48.83333,18.25
Pčoliné,48.98857,22.15099
Pečenice,48.21563,18.60705
Pečeňady,48.59479,17.82591
Pečeňany,48.83333,18.25
Pečovská Nová Ves,49.10308,21.0988
Peder,48.66667,21.33333
Perín-Chym,48.66667,21.33333
Pernek,48.43604,17.02188
Petkovce,48.88836,21.68479
Petrikovce,48.75434,21.9195
Petrová,49.29175,21.27271
Petrova Lehota,48.89452,18.04436
Petrova Ves,48.8449,17.22635
Petrovany,48.91737,21.26052
Petrovce,48.38284,20.0224
Petrovce,48.88836,21.68479
Petrovce,48.74455,22.18136
Petrovce nad Laborcom,48.75434,21.9195
Petrovice,49.22404,18.55878
Petrovo,48.66008,20.53758
Pezinok,48.28986,17.26664
Piešťany,48.59479,17.82591
Pichne,48.98857,22.15099
Píla,48.28986,17.26664
Píla,48.33249,19.66708
Píla,48.48124,18.71565
Pinciná,48.33249,19.66708
Pinkovce,48.74455,22.18136
Piskorovce,48.88836,21.68479
Pitelová,48.59184,18.84958
Plášťovce,48.21563,18.60705
Plavé Vozokany,48.21563,18.60705
Plavecké Podhradie,48.43604,17.02188
Plavecký Mikuláš,48.43604,17.02188
Plavecký Peter,48.67922,17.36697
Plavecký Štvrtok,48.43604,17.02188
Plaveč,49.29859,20.6862
Plavnica,49.29859,20.6862
Plechotice,48.62858,21.71954
Pleš,48.33249,19.66708
Plešivec,48.66008,20.53758
Plevník-Drienové,49.12153,18.42169
Pliešovce,48.57442,19.15324
Ploské,48.68346,20.11734
Ploské,48.66667,21.33333
Pobedim,48.75466,17.83506
Počarová,49.12153,18.42169
Počúvadlo,48.44858,18.91003
Podbiel,49.337,19.556
Podbranč,48.67922,17.36697
Podbrezová,48.80431,19.63631
Podhájska,48.10204,18.3397
Podhorany,48.30763,18.08453
Podhorany,49.1357,20.43352
Podhorany,49.23973,20.4801
Podhorie,49.17245,18.64399
Podhorie,48.44858,18.91003
Podhoroď,48.74455,22.18136
Podhradie,48.76667,18.63333
Podhradie,48.56362,18.16712
Podhradie,49.06651,18.92399
Podhradík,49.00337,21.34915
Podkonice,48.79994,19.25753
Podkriváň,48.56082,19.41954
Podkylava,48.75876,17.56866
Podlužany,48.83333,18.25
Podlužany,48.21563,18.60705
Podolie,48.75466,17.83506
Podolínec,49.29859,20.6862
Podrečany,48.33249,19.66708
Podskalie,49.12153,18.42169
Podtureň,49.08061,19.62218
Podvysoká,49.43503,18.78895
Podzámčok,48.57442,19.15324
Pohorelá,48.80431,19.63631
Pohranice,48.33095,18.17912
Pohronská Polhora,48.80431,19.63631
Pohronský Bukovec,48.80492,19.39387
Pohronský Ruskov,48.21563,18.60705
Pochabany,48.83333,18.25
Pokryváč,49.20983,19.30341
Poliakovce,49.29175,21.27271
Polianka,48.75876,17.56866
Polichno,48.33249,19.66708
Polina,48.68346,20.11734
Poloma,49.10308,21.0988
Polomka,48.80431,19.63631
Poltár,48.43094,19.79408
Poluvsie,48.76667,18.63333
Poľanovce,49.02173,20.59212
Poľany,48.62858,21.71954
Poľný Kesov,48.16511,18.06686
Pongrácovce,49.02173,20.59212
Poniky,48.71239,19.29274
Poprad,49.06144,20.29798
Poproč,48.38284,20.0224
Poproč,48.66667,21.33333
Popudinské Močidľany,48.8449,17.22635
Poráč,48.94464,20.56154
Poriadie,48.75876,17.56866
Porostov,48.74455,22.18136
Poruba,48.76667,18.63333
Poruba pod Vihorlatom,48.75434,21.9195
Porúbka,49.03096,19.73593
Porúbka,49.29175,21.27271
Porúbka,48.93707,21.91625
Porúbka,48.74455,22.18136
Poša,48.88836,21.68479
Potok,49.0748,19.30751
Potok,48.38284,20.0224
Potoky,49.20211,21.65216
Potôčky,49.20211,21.65216
Potônske Lúky,47.99268,17.61211
Potvorice,48.75466,17.83506
Považany,48.75466,17.83506
Považská Bystrica,49.12153,18.42169
Povina,49.3,18.78333
Povoda,47.99268,17.61211
Povrazník,48.7,19.38333
Pozba,47.98333,18.16667
Pozdišovce,48.75434,21.9195
Pôtor,48.21058,19.35043
Praha,48.33249,19.66708
Prakovce,48.85584,20.93712
Prašice,48.56362,18.16712
Prašník,48.59479,17.82591
Pravenec,48.76667,18.63333
Pravica,48.21058,19.35043
Pravotice,48.83333,18.25
Práznovce,48.56362,18.16712
Prečín,49.12153,18.42169
Predajná,48.80431,19.63631
Predmier,49.22404,18.55878
Prenčov,48.44858,18.91003
Preseľany,48.56362,18.16712
Prestavlky,48.59184,18.84958
Prešov,48.99839,21.23393
Príbelce,48.21058,19.35043
Pribeník,48.62858,21.71954
Pribeta,47.76667,18.13333
Pribiš,49.20983,19.30341
Príbovce,49.06651,18.92399
Pribylina,49.0995,19.79427
Priechod,48.78308,19.23543
Priekopa,48.74455,22.18136
Priepasné,48.75876,17.56866
Prietrž,48.67922,17.36697
Prietržka,48.8449,17.22635
Prievaly,48.67922,17.36697
Prievidza,48.76667,18.63333
Prihradzany,48.68346,20.11734
Príkra,49.30819,21.5703
Príslop,48.98857,22.15099
Prituľany,48.93707,21.91625
Proč,49.09667,21.3916
Prochot,48.59184,18.84958
Prosačov,48.88836,21.68479
Prosiek,49.08061,19.62218
Prša,48.33249,19.66708
Pruské,48.83333,18.25
Prusy,48.83333,18.25
Pružina,49.12153,18.42169
Pstriná,49.30819,21.5703
Ptičie,48.93707,21.91625
Ptrukša,48.75434,21.9195
Pucov,49.20983,19.30341
Púchov,48.83333,18.25
Pukanec,48.21563,18.60705
Pusté Čemerné,48.75434,21.9195
Pusté Pole,49.29859,20.6862
Pusté Sady,48.2,17.71667
Pusté Úľany,48.2,17.71667
Pušovce,49.08526,21.4102
Rabča,49.4079,19.48032
Rabčice,49.4079,19.48032
Rad,48.62858,21.71954
Radatice,48.99839,21.23393
Radava,47.98333,18.16667
Radimov,48.8449,17.22635
Radnovce,48.38284,20.0224
Radobica,48.76667,18.63333
Radoľa,49.3,18.78333
Radoma,49.30819,21.5703
Radošina,48.56362,18.16712
Radošovce,48.8449,17.22635
Radošovce,48.49728,17.63405
Radôstka,49.43503,18.78895
Radvanovce,48.88836,21.68479
Radvaň nad Dunajom,47.76667,18.13333
Radvaň nad Laborcom,49.16667,21.25
Radzovce,48.33249,19.66708
Rafajovce,48.88836,21.68479
Rajčany,48.56362,18.16712
Rajec,49.08898,18.64007
Rajecká Lesná,49.04441,18.63566
Rajecké Teplice,49.12716,18.68653
Rákoš,48.68346,20.11734
Rákoš,48.66667,21.33333
Raková,49.43503,18.78895
Rakovčík,49.30819,21.5703
Rakovec nad Ondavou,48.75434,21.9195
Rakovice,48.59479,17.82591
Rakovnica,48.66008,20.53758
Rakovo,49.06651,18.92399
Rakša,48.86226,18.86048
Rakúsy,49.1357,20.43352
Rakytník,48.38284,20.0224
Rankovce,48.66667,21.33333
Rapovce,48.33249,19.66708
Raslavice,49.29175,21.27271
Rastislavice,47.98333,18.16667
Rašice,48.68346,20.11734
Ratka,48.33249,19.66708
Ratková,48.68346,20.11734
Ratkovce,48.43174,17.8031
Ratkovo,49.06651,18.92399
Ratkovská Lehota,48.38284,20.0224
Ratkovská Suchá,48.38284,20.0224
Ratkovské Bystré,48.68346,20.11734
Ratnovce,48.59479,17.82591
Ratvaj,49.10308,21.0988
Ráztočno,48.76667,18.63333
Ráztoka,48.80431,19.63631
Ražňany,49.10308,21.0988
Reca,48.21951,17.40043
Regetovka,49.29175,21.27271
Rejdová,48.66008,20.53758
Reľov,49.1357,20.43352
Remeniny,48.88836,21.68479
Remetské Hámre,48.74455,22.18136
Renčišov,49.10308,21.0988
Repejov,49.16667,21.25
Repište,48.59184,18.84958
Rešica,48.66667,21.33333
Rešov,49.29175,21.27271
Revúca,48.68346,20.11734
Revúcka Lehota,48.68346,20.11734
Riečka,48.7562,19.07678
Riečka,48.38284,20.0224
Richnava,48.85584,20.93712
Richvald,49.29175,21.27271
Rimavská Baňa,48.38284,20.0224
Rimavská Seč,48.38284,20.0224
Rimavská Sobota,48.38284,20.0224
Rimavské Brezovo,48.38284,20.0224
Rimavské Janovce,48.38284,20.0224
Rimavské Zalužany,48.38284,20.0224
Rišňovce,48.36857,17.89328
Rohov,48.67922,17.36697
Rohovce,47.99268,17.61211
Rohožník,48.43604,17.02188
Rohožník,48.93707,21.91625
Rochovce,48.66008,20.53758
Rokycany,48.96106,21.14199
Rokytov,49.29175,21.27271
Rokytov pri Humennom,48.93707,21.91625
Rokytovce,49.16667,21.25
Rosina,49.18333,18.76667
Roškovce,49.16667,21.25
Roštár,48.66008,20.53758
Rovensko,48.67922,17.36697
Rovinka,48.21951,17.40043
Rovné,48.38284,20.0224
Rovné,48.93707,21.91625
Rovné,49.30819,21.5703
Rovňany,48.43094,19.79408
Rozhanovce,48.66667,21.33333
Rozložná,48.66008,20.53758
Roztoky,49.30819,21.5703
Rožkovany,49.10308,21.0988
Rožňava,48.66008,20.53758
Rožňavské Bystré,48.66008,20.53758
Rúbaň,47.98333,18.16667
Rudina,49.3,18.78333
Rudinka,49.3,18.78333
Rudinská,49.3,18.78333
Rudlov,48.88836,21.68479
Rudná,48.66008,20.53758
Rudnianska Lehota,48.76667,18.63333
Rudník,48.75876,17.56866
Rudník,48.66667,21.33333
Rudno,48.86226,18.86048
Rudno nad Hronom,48.48124,18.71565
Rudňany,48.94464,20.56154
Rumanová,48.32974,17.87146
Rumince,48.38284,20.0224
Runina,48.98857,22.15099
Ruská,48.75434,21.9195
Ruská Bystrá,48.74455,22.18136
Ruská Kajňa,48.93707,21.91625
Ruská Nová Ves,48.97728,21.32439
Ruská Poruba,48.93707,21.91625
Ruská Volová,48.98857,22.15099
Ruská Voľa,48.88836,21.68479
Ruská Voľa nad Popradom,49.29859,20.6862
Ruskov,48.66667,21.33333
Ruskovce,48.83333,18.25
Ruskovce,48.74455,22.18136
Ruský Hrabovec,48.74455,22.18136
Ruský Potok,48.98857,22.15099
Ružiná,48.33249,19.66708
Ružindol,48.37177,17.49113
Ružomberok,49.0748,19.30751
Rybany,48.83333,18.25
Rybky,48.67922,17.36697
Rybník,48.21563,18.60705
Rybník,48.68346,20.11734
Rykynčice,48.3554,19.06474
Sabinov,49.10308,21.0988
Sačurov,48.88836,21.68479
Sedlice,48.91816,21.11813
Sádočné,49.12153,18.42169
Sady nad Torysou,48.66667,21.33333
Salka,47.98333,18.16667
Santovka,48.15704,18.76715
Sap,47.99268,17.61211
Sása,48.68346,20.11734
Sása,48.57442,19.15324
Sasinkovo,48.43174,17.8031
Sazdice,48.21563,18.60705
Sebedín-Bečov,48.65105,19.24142
Sebedražie,48.76667,18.63333
Sebechleby,48.3554,19.06474
Seč,48.76667,18.63333
Sečianky,48.21058,19.35043
Sečovce,48.62858,21.71954
Sečovská Polianka,48.78244,21.68392
Sedliacka Dubová,49.20983,19.30341
Sedliská,48.88836,21.68479
Sedmerovec,48.83333,18.25
Sejkov,48.74455,22.18136
Sekule,48.67922,17.36697
Selce,48.76263,19.20302
Selce,48.3554,19.06474
Selce,48.43094,19.79408
Selec,48.89452,18.04436
Selice,48.15127,17.88062
Seľany,48.21058,19.35043
Semerovo,47.98333,18.16667
Senec,48.21951,17.40043
Seniakovce,48.82541,21.30268
Senica,48.67922,17.36697
Senné,48.21058,19.35043
Senné,48.75434,21.9195
Senohrad,48.3554,19.06474
Seňa,48.66667,21.33333
Sereď,48.2,17.71667
Sielnica,48.57442,19.15324
Sihelné,49.4079,19.48032
Sihla,48.80431,19.63631
Sikenica,48.21563,18.60705
Sikenička,47.98333,18.16667
Siladice,48.43174,17.8031
Silica,48.66008,20.53758
Silická Brezová,48.66008,20.53758
Silická Jablonica,48.66008,20.53758
Sirk,48.68346,20.11734
Sirník,48.62858,21.71954
Skačany,48.83333,18.25
Skalica,48.8449,17.22635
Skalité,49.43503,18.78895
Skalka nad Váhom,48.89452,18.04436
Skároš,48.66667,21.33333
Skerešovo,48.68346,20.11734
Sklabiná,48.21058,19.35043
Sklabinský Podzámok,49.06651,18.92399
Sklabiňa,49.06651,18.92399
Sklené,48.86226,18.86048
Sklené Teplice,48.59184,18.84958
Skrabské,48.88836,21.68479
Skýcov,48.38553,18.40063
Sládkovičovo,48.2,17.71667
Slančík,48.66667,21.33333
Slanec,48.66667,21.33333
Slanská Huta,48.66667,21.33333
Slanské Nové Mesto,48.66667,21.33333
Slaská,48.59184,18.84958
Slatina,48.21563,18.60705
Slatina nad Bebravou,48.83333,18.25
Slatinka nad Bebravou,48.83333,18.25
Slatinské Lazy,48.56082,19.41954
Slatvina,48.94464,20.56154
Slavec,48.66008,20.53758
Slavkovce,48.75434,21.9195
Slavnica,48.83333,18.25
Slavoška,48.66008,20.53758
Slavošovce,48.66008,20.53758
Slepčany,48.38553,18.40063
Sliač,48.61668,19.13715
Sliepkovce,48.75434,21.9195
Slizké,48.38284,20.0224
Slivník,48.62858,21.71954
Slopná,49.12153,18.42169
Slovany,49.06651,18.92399
Slovenská Kajňa,48.88836,21.68479
Slovenská Ľupča,48.76532,19.27549
Slovenská Nová Ves,48.29216,17.53384
Slovenská Ves,49.1357,20.43352
Slovenská Volová,48.93707,21.91625
Slovenské Ďarmoty,48.21058,19.35043
Slovenské Kľačany,48.21058,19.35043
Slovenské Krivé,48.93707,21.91625
Slovenské Nové Mesto,48.62858,21.71954
Slovenské Pravno,48.86226,18.86048
Slovenský Grob,48.28986,17.26664
Slovinky,48.94464,20.56154
Sľažany,48.38553,18.40063
Smilno,49.29175,21.27271
Smižany,48.95446,20.52341
Smolenice,48.50478,17.43067
Smolinské,48.67922,17.36697
Smolnícka Huta,48.85584,20.93712
Smolník,48.85584,20.93712
Smrdáky,48.67922,17.36697
Smrečany,49.08061,19.62218
Snakov,49.29175,21.27271
Snežnica,49.3,18.78333
Snina,48.98857,22.15099
Socovce,49.06651,18.92399
Soblahov,48.89452,18.04436
Soboš,49.30819,21.5703
Sobotište,48.67922,17.36697
Sobrance,48.74455,22.18136
Sokolce,47.76667,18.13333
Sokolovce,48.59479,17.82591
Sokoľ,48.66667,21.33333
Sokoľany,48.66667,21.33333
Solčany,48.56362,18.16712
Solčianky,48.56362,18.16712
Sološnica,48.43604,17.02188
Soľ,48.88836,21.68479
Soľnička,48.62858,21.71954
Soľník,49.2123906,21.740355
Somotor,48.62858,21.71954
Sopkovce,48.93707,21.91625
Spišská Belá,49.1357,20.43352
Spišská Nová Ves,48.94464,20.56154
Spišská Stará Ves,49.1357,20.43352
Spišská Teplica,49.06144,20.29798
Spišské Bystré,49.06144,20.29798
Spišské Hanušovce,49.1357,20.43352
Spišské Podhradie,49.02173,20.59212
Spišské Tomášovce,48.94464,20.56154
Spišské Vlachy,48.94464,20.56154
Spišský Hrhov,49.02173,20.59212
Spišský Hrušov,48.94464,20.56154
Spišský Štiavnik,49.06144,20.29798
Spišský Štvrtok,49.02173,20.59212
Stakčín,48.98857,22.15099
Stakčínska Roztoka,48.98857,22.15099
Stanča,48.62858,21.71954
Stankovany,49.0748,19.30751
Stankovce,48.62858,21.71954
Stará Bašta,48.38284,20.0224
Stará Bystrica,49.3474,18.94906
Stará Halič,48.33249,19.66708
Stará Huta,48.56082,19.41954
Stará Kremnička,48.59184,18.84958
Stará Lehota,48.75466,17.83506
Stará Lesná,49.1357,20.43352
Stará Ľubovňa,49.29859,20.6862
Stará Myjava,48.79318,17.58877
Stará Turá,48.75466,17.83506
Stará Voda,48.85584,20.93712
Staré,48.75434,21.9195
Staré Hory,48.83907,19.11475
Starina,49.29859,20.6862
Starý Hrádok,48.21563,18.60705
Starý Tekov,48.21563,18.60705
Staškov,49.43503,18.78895
Staškovce,49.20211,21.65216
Stebnícka Huta,49.29175,21.27271
Stebník,49.29175,21.27271
Stožok,48.56082,19.41954
Stráne pod Tatrami,49.1357,20.43352
Stránska,48.38284,20.0224
Stránske,49.11996,18.7067
Stráňany,49.29859,20.6862
Stráňavy,49.17147,18.82183
Stratená,48.87115,20.33844
Stráža,49.22578,18.90782
Strážne,48.62858,21.71954
Strážske,48.75434,21.9195
Strečno,49.18801,18.86445
Streda nad Bodrogom,48.62858,21.71954
Stredné Plachtince,48.21058,19.35043
Strekov,47.98333,18.16667
Strelníky,48.72293,19.39223
Stretava,48.75434,21.9195
Stretavka,48.75434,21.9195
Streženice,48.83333,18.25
Strihovce,48.98857,22.15099
Stročín,49.30819,21.5703
Stropkov,49.20211,21.65216
Studená,48.38284,20.0224
Studenec,49.02173,20.59212
Studienka,48.43604,17.02188
Stuľany,49.29175,21.27271
Stupava,48.43604,17.02188
Stupné,49.12153,18.42169
Sučany,49.06651,18.92399
Sudince,48.3554,19.06474
Súdovce,48.3554,19.06474
Suchá Dolina,48.91562,21.14327
Suchá Hora,49.337,19.556
Suchá nad Parnou,48.41104,17.48696
Sucháň,48.21058,19.35043
Suché,48.75434,21.9195
Suché Brezovo,48.21058,19.35043
Suchohrad,48.43604,17.02188
Sukov,49.16667,21.25
Sulín,49.29859,20.6862
Súlovce,48.56362,18.16712
Súľov-Hradná,49.22404,18.55878
Sušany,48.43094,19.79408
Sútor,48.38284,20.0224
Svätá Mária,48.62858,21.71954
Svätoplukovo,48.22817,18.05582
Svätuš,48.74455,22.18136
Svätuše,48.62858,21.71954
Svätý Anton,48.44858,18.91003
Svätý Jur,48.28986,17.26664
Svätý Kríž,49.08061,19.62218
Svätý Peter,47.76667,18.13333
Svederník,49.26527,18.6467
Sverepec,49.12153,18.42169
Sveržov,49.29175,21.27271
Svetlice,49.16667,21.25
Svidnička,49.30819,21.5703
Svidník,49.30819,21.5703
Svinia,49.01266,21.1217
Svinica,48.66667,21.33333
Svinice,48.62858,21.71954
Svinná,48.89452,18.04436
Svit,49.06144,20.29798
Svodín,47.98333,18.16667
Svrbice,48.56362,18.16712
Svrčinovec,49.43503,18.78895
Šahy,48.21563,18.60705
Šajdíkove Humence,48.67922,17.36697
Šalgovce,48.56362,18.16712
Šalgočka,48.2,17.71667
Šalov,48.21563,18.60705
Šaľa,48.15127,17.88062
Šambron,49.29859,20.6862
Šamorín,47.99268,17.61211
Šamudovce,48.75434,21.9195
Šandal,49.20211,21.65216
Šarbov,49.30819,21.5703
Šarišská Poruba,49.0385,21.38651
Šarišská Trstená,49.0867,21.38341
Šarišské Bohdanovce,48.84799,21.31823
Šarišské Čierne,49.29175,21.27271
Šarišské Dravce,49.10308,21.0988
Šarišské Jastrabie,49.29859,20.6862
Šarišské Michaľany,49.10308,21.0988
Šarišské Sokolovce,49.10308,21.0988
Šarišský Štiavnik,49.30819,21.5703
Šarkan,47.98333,18.16667
Šarovce,48.21563,18.60705
Šašová,49.29175,21.27271
Šaštín-Stráže,48.67922,17.36697
Šávoľ,48.33249,19.66708
Šelpice,48.43118,17.53131
Šemetkovce,49.30819,21.5703
Šemša,48.66667,21.33333
Šenkvice,48.28986,17.26664
Šiatorská Bukovinka,48.33249,19.66708
Šiba,49.29175,21.27271
Šíd,48.33249,19.66708
Šimonovce,48.38284,20.0224
Šindliar,49.03963,20.9439
Šintava,48.2,17.71667
Šípkov,48.83333,18.25
Šípkové,48.59479,17.82591
Širákov,48.21058,19.35043
Širkovce,48.38284,20.0224
Široké,48.99786,20.94068
Šišov,48.83333,18.25
Šivetice,48.68346,20.11734
Šmigovec,48.98857,22.15099
Šoltýska,48.43094,19.79408
Šoporňa,48.2,17.71667
Špačince,48.44019,17.60735
Špania Dolina,48.80754,19.13406
Španie Pole,48.38284,20.0224
Šrobárová,47.76667,18.13333
Štefanov,48.67922,17.36697
Štefanov nad Oravou,49.337,19.556
Štefanová,48.28986,17.26664
Štefanovce,48.95984,21.77314
Štefanovce,48.88836,21.68479
Štefanovičová,48.30763,18.08453
Štefurov,49.30819,21.5703
Šterusy,48.59479,17.82591
Štiavnické Bane,48.44858,18.91003
Štiavnička,49.0748,19.30751
Štiavnik,49.22404,18.55878
Štitáre,48.30763,18.08453
Štítnik,48.66008,20.53758
Štós,48.66667,21.33333
Štôla,49.09242,20.14051
Štrba,49.05913,20.07975
Štrkovec,48.38284,20.0224
Štúrovo,47.79495,18.7175
Štvrtok,48.89452,18.04436
Štvrtok na Ostrove,47.99268,17.61211
Šuja,49.06943,18.62874
Šuľa,48.21058,19.35043
Šumiac,48.80431,19.63631
Šuňava,49.06144,20.29798
Šurany,47.98333,18.16667
Šurianky,48.42194,18.02305
Šurice,48.33249,19.66708
Šúrovce,48.3312,17.71859
Šútovo,49.06651,18.92399
Šútovce,48.76667,18.63333
Švábovce,49.06144,20.29798
Švedlár,48.85584,20.93712
Švošov,49.0748,19.30751
Tachty,48.38284,20.0224
Tajná,48.265,18.36342
Tajov,48.74568,19.07034
Tarnov,49.29175,21.27271
Tatranská Javorina,49.06144,20.29798
Tašuľa,48.74455,22.18136
Tehla,48.21563,18.60705
Tekolďany,48.43174,17.8031
Tekovská Breznica,48.48124,18.71565
Tekovské Lužany,48.21563,18.60705
Tekovské Nemce,48.38553,18.40063
Tekovský Hrádok,48.21563,18.60705
Telgárt,48.85156,20.18849
Telince,48.22994,18.36861
Temeš,48.76667,18.63333
Teplička,48.94464,20.56154
Teplička nad Váhom,49.22435,18.79995
Tepličky,48.43174,17.8031
Teplý Vrch,48.38284,20.0224
Terany,48.3554,19.06474
Terchová,49.25895,19.02935
Teriakovce,48.98979,21.31225
Terňa,49.10968,21.23868
Tesáre,48.56362,18.16712
Tesárske Mlyňany,48.38553,18.40063
Tešedíkovo,48.15127,17.88062
Tibava,48.74455,22.18136
Tichý Potok,49.10308,21.0988
Timoradza,48.83333,18.25
Tisinec,49.20211,21.65216
Tisovec,48.38284,20.0224
Tlmače,48.21563,18.60705
Točnica,48.33249,19.66708
Tokajík,49.20211,21.65216
Tomášikovo,48.2,17.71667
Tomášov,48.21951,17.40043
Tomášovce,48.33249,19.66708
Tomášovce,48.38284,20.0224
Topoľa,48.98857,22.15099
Topoľčany,48.56362,18.16712
Topoľčianky,48.38553,18.40063
Topoľnica,48.2,17.71667
Topoľníky,47.99268,17.61211
Topoľovka,48.93707,21.91625
Toporec,49.1357,20.43352
Tornaľa,48.68346,20.11734
Torysa,49.10308,21.0988
Torysky,49.02173,20.59212
Tovarné,48.88836,21.68479
Tovarnianska Polianka,48.88836,21.68479
Tovarníky,48.56362,18.16712
Tôň,47.76667,18.13333
Trakovice,48.43174,17.8031
Trávnica,47.98333,18.16667
Trávnik,47.76667,18.13333
Trebatice,48.59479,17.82591
Trebejov,48.66667,21.33333
Trebeľovce,48.33249,19.66708
Trebichava,48.83333,18.25
Trebišov,48.62858,21.71954
Trebostovo,49.06651,18.92399
Trebušovce,48.21058,19.35043
Trenč,48.33249,19.66708
Trenčianska Teplá,48.89452,18.04436
Trenčianska Turná,48.89452,18.04436
Trenčianske Bohuslavice,48.75466,17.83506
Trenčianske Jastrabie,48.89452,18.04436
Trenčianske Mitice,48.89452,18.04436
Trenčianske Stankovce,48.89452,18.04436
Trenčianske Teplice,48.89452,18.04436
Trenčín,48.89452,18.04436
Trhová Hradská,47.99268,17.61211
Trhovište,48.75434,21.9195
Trnava,48.3774,17.58723
Trnavá Hora,48.59184,18.84958
Trnava pri Laborci,48.75434,21.9195
Trnávka,47.99268,17.61211
Trnávka,48.62858,21.71954
Trnkov,49.03577,21.35792
Trnovec,48.8449,17.22635
Trnovec nad Váhom,48.15127,17.88062
Trnovo,49.06651,18.92399
Tročany,49.29175,21.27271
Trpín,48.3554,19.06474
Trstená,49.337,19.556
Trstená na Ostrove,47.99268,17.61211
Trstené,49.08061,19.62218
Trstené pri Hornáde,48.66667,21.33333
Trstice,48.2,17.71667
Trstín,48.52684,17.4657
Trsťany,48.66667,21.33333
Tŕnie,48.57442,19.15324
Tuhár,48.33249,19.66708
Tuhrina,48.89936,21.40596
Tuchyňa,48.83333,18.25
Tulčík,49.08902,21.30967
Tupá,48.21563,18.60705
Turá,48.21563,18.60705
Turany,49.06651,18.92399
Turany nad Ondavou,49.20211,21.65216
Turcovce,48.93707,21.91625
Turček,48.86226,18.86048
Turčianky,48.83333,18.25
Turčianska Štiavnička,49.06651,18.92399
Turčianske Jaseno,49.06651,18.92399
Turčianske Kľačany,49.06651,18.92399
Turčianske Teplice,48.86226,18.86048
Turčiansky Ďur,49.06651,18.92399
Turčiansky Peter,49.06651,18.92399
Turčok,48.68346,20.11734
Turecká,48.73946,19.15349
Tureň,48.21951,17.40043
Turie,49.14907,18.74983
Turík,49.0748,19.30751
Turnianska Nová Ves,48.66667,21.33333
Turňa nad Bodvou,48.66667,21.33333
Turová,48.57442,19.15324
Turzovka,49.43503,18.78895
Tušice,48.75434,21.9195
Tušická Nová Ves,48.75434,21.9195
Tužina,48.76667,18.63333
Tvarožná,49.1357,20.43352
Tvrdomestice,48.56362,18.16712
Tvrdošín,49.337,19.556
Tvrdošovce,47.98333,18.16667
Ťapešovo,49.4079,19.48032
Ubľa,48.98857,22.15099
Úbrež,48.74455,22.18136
Udavské,48.93707,21.91625
Udiča,49.12153,18.42169
Údol,49.29859,20.6862
Uhliská,48.21563,18.60705
Úhorná,48.85584,20.93712
Uhorská Ves,49.08061,19.62218
Uhorské,48.43094,19.79408
Uhrovec,48.83333,18.25
Uhrovské Podhradie,48.83333,18.25
Ulič,48.98857,22.15099
Uličské Krivé,48.98857,22.15099
Uloža,49.02173,20.59212
Úľany nad Žitavou,47.98333,18.16667
Unín,48.8449,17.22635
Uňatín,48.3554,19.06474
Urmince,48.56362,18.16712
Utekáč,48.43094,19.79408
Uzovce,49.10308,21.0988
Uzovská Panica,48.38284,20.0224
Uzovské Pekľany,49.10308,21.0988
Uzovský Šalgov,49.10308,21.0988
Vaďovce,48.75466,17.83506
Vagrinec,49.30819,21.5703
Váhovce,48.2,17.71667
Vajkovce,48.66667,21.33333
Valaliky,48.66667,21.33333
Valaská,48.80431,19.63631
Valaská Belá,48.76667,18.63333
Valaská Dubová,49.0748,19.30751
Valaškovce (vojenský obvod),48.93707,21.91625
Valča,49.06651,18.92399
Valentovce,49.16667,21.25
Valice,48.38284,20.0224
Valkovce,49.30819,21.5703
Vaľkovňa,48.80431,19.63631
Vaniškovce,49.29175,21.27271
Vápeník,49.30819,21.5703
Varadka,49.29175,21.27271
Varechovce,49.20211,21.65216
Varhaňovce,48.85557,21.35879
Varín,49.20229,18.87073
Vasiľov,49.4079,19.48032
Vavrečka,49.4079,19.48032
Vavrinec,48.88836,21.68479
Vavrišovo,49.08061,19.62218
Važec,49.08061,19.62218
Včelince,48.38284,20.0224
Večelkov,48.38284,20.0224
Vechec,48.88836,21.68479
Velčice,48.38553,18.40063
Veličná,49.20983,19.30341
Velušovce,48.56362,18.16712
Veľaty,48.62858,21.71954
Veľká Čalomija,48.21058,19.35043
Veľká Čausa,48.76667,18.63333
Veľká Čierna,49.09075,18.59071
Veľká Dolina,48.05,18.3
Veľká Franková,49.1357,20.43352
Veľká Hradná,48.89452,18.04436
Veľká Ida,48.66667,21.33333
Veľká Lehota,48.48124,18.71565
Veľká Lesná,49.29859,20.6862
Veľká Lodina,48.66667,21.33333
Veľká Lomnica,49.1357,20.43352
Veľká Lúka,48.57442,19.15324
Veľká Mača,48.2,17.71667
Veľká nad Ipľom,48.33249,19.66708
Veľká Paka,47.99268,17.61211
Veľká Tŕňa,48.62858,21.71954
Veľká Ves,48.43094,19.79408
Veľká Ves nad Ipľom,48.21058,19.35043
Veľké Bierovce,48.89452,18.04436
Veľké Blahovo,47.99268,17.61211
Veľké Borové,49.08061,19.62218
Veľké Dravce,48.33249,19.66708
Veľké Držkovce,48.83333,18.25
Veľké Dvorany,48.56362,18.16712
Veľké Dvorníky,47.99268,17.61211
Veľké Hoste,48.83333,18.25
Veľké Chlievany,48.83333,18.25
Veľké Chyndice,48.29081,18.2881
Veľké Kapušany,48.75434,21.9195
Veľké Kosihy,47.76667,18.13333
Veľké Kostoľany,48.59479,17.82591
Veľké Kozmálovce,48.21563,18.60705
Veľké Kršteňany,48.83333,18.25
Veľké Leváre,48.43604,17.02188
Veľké Lovce,47.98333,18.16667
Veľké Ludince,48.21563,18.60705
Veľké Orvište,48.59479,17.82591
Veľké Ozorovce,48.62858,21.71954
Veľké Pole,48.48124,18.71565
Veľké Raškovce,48.75434,21.9195
Veľké Revištia,48.74455,22.18136
Veľké Ripňany,48.56362,18.16712
Veľké Rovné,49.22404,18.55878
Veľké Slemence,48.75434,21.9195
Veľké Straciny,48.21058,19.35043
Veľké Teriakovce,48.38284,20.0224
Veľké Trakany,48.62858,21.71954
Veľké Turovce,48.21563,18.60705
Veľké Uherce,48.83333,18.25
Veľké Úľany,48.2,17.71667
Veľké Vozokany,48.38553,18.40063
Veľké Zálužie,48.30841,17.93874
Veľké Zlievce,48.21058,19.35043
Veľkrop,49.20211,21.65216
Veľký Biel,48.21951,17.40043
Veľký Blh,48.38284,20.0224
Veľký Cetín,48.22033,18.19087
Veľký Čepčín,48.86226,18.86048
Veľký Ďur,48.21563,18.60705
Veľký Folkmar,48.85584,20.93712
Veľký Grob,48.2,17.71667
Veľký Horeš,48.62858,21.71954
Veľký Kamenec,48.62858,21.71954
Veľký Klíž,48.83333,18.25
Veľký Krtíš,48.21058,19.35043
Veľký Kýr,47.98333,18.16667
Veľký Lapáš,48.29105,18.181
Veľký Lipník,49.29859,20.6862
Veľký Lom,48.21058,19.35043
Veľký Meder,47.85798,17.76884
Veľký Slavkov,49.06144,20.29798
Veľký Slivník,49.1142,21.27514
Veľký Šariš,49.04114,21.1993
Veľopolie,48.93707,21.91625
Vernár,49.06144,20.29798
Veselé,48.59479,17.82591
Veterná Poruba,49.08061,19.62218
Vidiná,48.33249,19.66708
Vieska,47.99268,17.61211
Vieska,48.21058,19.35043
Vieska nad Blhom,48.38284,20.0224
Vieska nad Žitavou,48.38553,18.40063
Vígľaš,48.56082,19.41954
Vígľašská Huta-Kalinka,48.56082,19.41954
Vikartovce,49.06144,20.29798
Vinica,48.21058,19.35043
Viničky,48.62858,21.71954
Viničné,48.28986,17.26664
Vinné,48.75434,21.9195
Vinodol,48.30763,18.08453
Vinohrady nad Váhom,48.2,17.71667
Vinosady,48.28986,17.26664
Virt,47.76667,18.13333
Vislanka,49.29859,20.6862
Vislava,49.20211,21.65216
Visolaje,48.83333,18.25
Višňov,48.62858,21.71954
Višňové,48.75466,17.83506
Višňové,48.68346,20.11734
Višňové,49.16083,18.78427
Vištuk,48.28986,17.26664
Vitanová,49.337,19.556
Vítkovce,48.94464,20.56154
Víťaz,48.97137,20.95654
Víťazovce,48.93707,21.91625
Vlača,48.88836,21.68479
Vladiča,49.20211,21.65216
Vlachovo,48.66008,20.53758
Vlachy,49.08061,19.62218
Vlčany,48.15127,17.88062
Vlčkovce,48.31701,17.6497
Vlkanová,48.67129,19.14607
Vlkas,47.98333,18.16667
Vlková,49.1357,20.43352
Vlkovce,49.1357,20.43352
Vlky,48.21951,17.40043
Vlkyňa,48.38284,20.0224
Voderady,48.27701,17.5594
Vojany,48.75434,21.9195
Vojčice,48.62858,21.71954
Vojka,48.62858,21.71954
Vojka nad Dunajom,47.99268,17.61211
Vojkovce,48.94464,20.56154
Vojnatina,48.74455,22.18136
Vojňany,49.1357,20.43352
Vojtovce,49.20211,21.65216
Volica,49.16667,21.25
Volkovce,48.38553,18.40063
Voľa,48.75434,21.9195
Voznica,48.48124,18.71565
Vozokany,48.2,17.71667
Vozokany,48.56362,18.16712
Vráble,48.30763,18.08453
Vrádište,48.8449,17.22635
Vrakúň,47.99268,17.61211
Vranov nad Topľou,48.88836,21.68479
Vrbnica,48.75434,21.9195
Vrbov,49.1357,20.43352
Vrbovce,48.75876,17.56866
Vrbová nad Váhom,47.76667,18.13333
Vrbové,48.59479,17.82591
Vrbovka,48.21058,19.35043
Vrchteplá,49.12153,18.42169
Vrícko,49.06651,18.92399
Vršatské Podhradie,48.83333,18.25
Vrútky,49.06651,18.92399
Vtáčkovce,48.66667,21.33333
Výborná,49.1357,20.43352
Výčapy-Opatovce,48.41149,18.08223
Vydrany,47.99268,17.61211
Vydrná,48.83333,18.25
Vydrník,49.06144,20.29798
Vyhne,48.50571,18.80137
Východná,49.08061,19.62218
Výrava,49.16667,21.25
Vysočany,48.83333,18.25
Vysoká,48.44858,18.91003
Vysoká,49.10308,21.0988
Vysoká nad Kysucou,49.43503,18.78895
Vysoká nad Uhom,48.75434,21.9195
Vysoká pri Morave,48.43604,17.02188
Vysoké Tatry,49.13637,20.24386
Vyškovce,49.20211,21.65216
Vyškovce nad Ipľom,48.21563,18.60705
Vyšná Boca,49.08061,19.62218
Vyšná Hutka,48.66667,21.33333
Vyšná Jablonka,48.93707,21.91625
Vyšná Jedľová,49.30819,21.5703
Vyšná Kamenica,48.66667,21.33333
Vyšná Myšľa,48.66667,21.33333
Vyšná Olšava,49.20211,21.65216
Vyšná Pisaná,49.30819,21.5703
Vyšná Polianka,49.29175,21.27271
Vyšná Rybnica,48.74455,22.18136
Vyšná Sitnica,48.93707,21.91625
Vyšná Slaná,48.66008,20.53758
Vyšná Šebastová,49.01589,21.32354
Vyšná Voľa,49.29175,21.27271
Vyšné Ladičkovce,48.93707,21.91625
Vyšné nad Hronom,48.21563,18.60705
Vyšné Nemecké,48.74455,22.18136
Vyšné Remety,48.74455,22.18136
Vyšné Repaše,49.02173,20.59212
Vyšné Ružbachy,49.29859,20.6862
Vyšné Valice,48.38284,20.0224
Vyšný Čaj,48.66667,21.33333
Vyšný Hrabovec,49.20211,21.65216
Vyšný Hrušov,48.93707,21.91625
Vyšný Kazimír,48.88836,21.68479
Vyšný Klátov,48.66667,21.33333
Vyšný Komárnik,49.30819,21.5703
Vyšný Kručov,49.29175,21.27271
Vyšný Kubín,49.20983,19.30341
Vyšný Medzev,48.66667,21.33333
Vyšný Mirošov,49.30819,21.5703
Vyšný Orlík,49.30819,21.5703
Vyšný Skálnik,48.38284,20.0224
Vyšný Slavkov,49.02173,20.59212
Vyšný Tvarožec,49.29175,21.27271
Vyšný Žipov,48.88836,21.68479
Zábiedovo,49.337,19.556
Záborie,49.06651,18.92399
Záborské,48.9451,21.28977
Zádiel,48.66667,21.33333
Zádor,48.38284,20.0224
Záhor,48.74455,22.18136
Záhorce,48.21058,19.35043
Záhorie (vojenský obvod),48.43604,17.02188
Záhorská Ves,48.43604,17.02188
Záhradné,49.09084,21.26939
Zacharovce,48.38284,20.0224
Zákamenné,49.4079,19.48032
Zákopčie,49.43503,18.78895
Zalaba,48.21563,18.60705
Zálesie,48.21951,17.40043
Zálesie,49.1357,20.43352
Zalužice,48.75434,21.9195
Zamarovce,48.89452,18.04436
Zámutov,48.88836,21.68479
Záriečie,48.83333,18.25
Záskalie,49.12153,18.42169
Zatín,48.62858,21.71954
Závada,48.56362,18.16712
Závada,48.93707,21.91625
Závada,48.21058,19.35043
Závadka,48.93707,21.91625
Závadka,48.85584,20.93712
Závadka,48.75434,21.9195
Závadka nad Hronom,48.80431,19.63631
Zavar,48.35277,17.67377
Závažná Poruba,49.08061,19.62218
Závod,48.43604,17.02188
Zázrivá,49.2748,19.15303
Zbehňov,48.62858,21.71954
Zbehy,48.36558,18.01814
Zboj,48.98857,22.15099
Zbojné,49.16667,21.25
Zborov,49.29175,21.27271
Zborov nad Bystricou,49.43503,18.78895
Zbrojníky,48.21563,18.60705
Zbudská Belá,49.16667,21.25
Zbudské Dlhé,48.93707,21.91625
Zbudza,48.75434,21.9195
Zbyňov,49.12081,18.64866
Zeleneč,48.32897,17.59535
Zemianska Olča,47.76667,18.13333
Zemianske Kostoľany,48.76667,18.63333
Zemianske Podhradie,48.75466,17.83506
Zemianske Sady,48.2,17.71667
Zemiansky Vrbovok,48.3554,19.06474
Zemné,47.98333,18.16667
Zemplín,48.62858,21.71954
Zemplínska Nová Ves,48.62858,21.71954
Zemplínska Široká,48.75434,21.9195
Zemplínska Teplica,48.62858,21.71954
Zemplínske Hámre,48.98857,22.15099
Zemplínske Hradište,48.62858,21.71954
Zemplínske Jastrabie,48.62858,21.71954
Zemplínske Kopčany,48.75434,21.9195
Zemplínsky Branč,48.62858,21.71954
Zlatá Baňa,48.95322,21.42098
Zlatá Idka,48.66667,21.33333
Zlaté,49.29175,21.27271
Zlaté Klasy,47.99268,17.61211
Zlaté Moravce,48.38553,18.40063
Zlatná na Ostrove,47.76667,18.13333
Zlatník,48.88836,21.68479
Zlatníky,48.83333,18.25
Zlatno,48.43094,19.79408
Zlatno,48.38553,18.40063
Zliechov,48.83333,18.25
Zohor,48.43604,17.02188
Zombor,48.21058,19.35043
Zubák,48.83333,18.25
Zuberec,49.337,19.556
Zubné,48.93707,21.91625
Zubrohlava,49.4079,19.48032
Zvolen,48.57442,19.15324
Zvolenská Slatina,48.57442,19.15324
Zvončín,48.4007,17.50648
Žabokreky,49.06651,18.92399
Žabokreky nad Nitrou,48.83333,18.25
Žakarovce,48.85584,20.93712
Žakovce,49.1357,20.43352
Žalobín,48.88836,21.68479
Žarnov,48.66667,21.33333
Žarnovica,48.48124,18.71565
Žaškov,49.20983,19.30341
Žbince,48.75434,21.9195
Ždaňa,48.66667,21.33333
Ždiar,49.271,20.26239
Žehňa,48.91767,21.3415
Žehra,48.94464,20.56154
Železná Breznica,48.57442,19.15324
Železník,49.30819,21.5703
Želiezovce,48.21563,18.60705
Želmanovce,49.30819,21.5703
Želovce,48.21058,19.35043
Žemberovce,48.21563,18.60705
Žemliare,48.21563,18.60705
Žiar,49.13085,19.66518
Žiar,48.68346,20.11734
Žiar nad Hronom,48.59184,18.84958
Žibritov,48.3554,19.06474
Žihárec,48.15127,17.88062
Žikava,48.38553,18.40063
Žilina,49.22315,18.73941
Žíp,48.38284,20.0224
Žipov,48.96591,21.085
Žirany,48.37766,18.17514
Žitavany,48.38553,18.40063
Žitavce,48.20219,18.30078
Žitná-Radiša,48.83333,18.25
Žlkovce,48.43174,17.8031
Župčany,49.01206,21.15874
Župkov,48.48124,18.71565